ردیف,برند,برند (لاتین),کد محصول,بارکد,نام محصول,دسته‌بندی,تعداد در کارتن,قیمت عمده هر عدد (تومان),قیمت هر کارتن (تومان),قیمت مصوب مصرف‌کننده (تومان),سود فروشگاه (٪),لینک تصویر,توضیحات,شناسه محصول
1,کامان,Comeon,300152503,6260005133514,استیک خوشبو کننده کلینیکال کامان,مراقبت پوست و بدن,1,3541502.0,3541502.0,4480000.0,20.9,https://raw.githubusercontent.com/omidadlii01/images_png/main/300152503_%D8%A7%D8%B3%D8%AA%DB%8C%DA%A9%20%D8%B5%D8%A7%D8%A8%D9%88%D9%86%DB%8C%20%DA%A9%D8%A7%D9%85%D8%A7%D9%86%20%D9%85%D8%AF%D9%84%20Power%20Stress%20Clinical%20%D8%AD%D8%AC%D9%85%2050%20%D9%85%DB%8C%D9%84%DB%8C%20%D9%84%DB%8C%D8%AA%D8%B1.png,استیک ضدتعریق کامان با فرمولاسیون مؤثر، بو و رطوبت بدن را در طول روز کنترل می‌کند و احساس خشکی و طراوت را به همراه دارد. بسته‌بندی این محصول برای تأمین عمده و فروش در فروشگاه‌ها و داروخانه‌ها مناسب است.,sb-300152503
2,کامان,Comeon,300152102,6260623341209,استیک دئودورانت سبز زنانه کامان,مراقبت پوست و بدن,1,3383399.0,3383399.0,4280000.0,20.9,https://raw.githubusercontent.com/omidadlii01/images_png/main/300152102_%D8%A7%D8%B3%D8%AA%DB%8C%DA%A9%20%D8%B3%D8%A8%D8%B2%20%D8%AF%D8%A6%D9%88%D8%AF%D9%88%D8%B1%D8%A7%D9%86%D8%AA%20%D8%B2%D9%86%D8%A7%D9%86%D9%87%20%DA%A9%D8%A7%D9%85%D8%A7%D9%86.png,استیک ضدتعریق کامان با فرمولاسیون مؤثر، بو و رطوبت بدن را در طول روز کنترل می‌کند و احساس خشکی و طراوت را به همراه دارد. بسته‌بندی این محصول برای تأمین عمده و فروش در فروشگاه‌ها و داروخانه‌ها مناسب است.,sb-300152102
3,کامان,Comeon,300152302,6260623341186,استیک دئودورانت سرمه ای النگ لستینگ مردانه کامان,مراقبت پوست و بدن,1,3383399.0,3383399.0,4280000.0,20.9,https://raw.githubusercontent.com/omidadlii01/images_png/main/300152302_%D8%A7%D8%B3%D8%AA%D9%8A%DA%A9%20%D8%B3%D8%B1%D9%85%D9%87%20%D8%A7%D9%8A%20%D8%AF%D8%A6%D9%88%D8%AF%D9%88%D8%B1%D8%A7%D9%86%D8%AA%20%D9%84%D8%A7%D9%86%DA%AF%20%D9%84%D8%B3%D8%AA%D9%8A%D9%86%DA%AF%20%D9%85%D8%B1%D8%AF%D8%A7%D9%86%D9%87%20%DA%A9%D8%A7%D9%85%D8%A7%D9%86.png,استیک ضدتعریق کامان با فرمولاسیون مؤثر، بو و رطوبت بدن را در طول روز کنترل می‌کند و احساس خشکی و طراوت را به همراه دارد. بسته‌بندی این محصول برای تأمین عمده و فروش در فروشگاه‌ها و داروخانه‌ها مناسب است.,sb-300152302
4,کامان,Comeon,300151102,6262238761588,استیک صابونی ویتامین سی کامان,مراقبت پوست و بدن,1,3541502.0,3541502.0,4480000.0,20.9,https://raw.githubusercontent.com/omidadlii01/images_png/main/300151102_%D8%A7%D8%B3%D8%AA%DB%8C%DA%A9%20%D8%B5%D8%A7%D8%A8%D9%88%D9%86%DB%8C%20%D9%88%DB%8C%D8%AA%D8%A7%D9%85%DB%8C%D9%86%20%D8%B3%DB%8C%20%DA%A9%D8%A7%D9%85%D8%A7%D9%86.png,استیک ضدتعریق کامان با فرمولاسیون مؤثر، بو و رطوبت بدن را در طول روز کنترل می‌کند و احساس خشکی و طراوت را به همراه دارد. بسته‌بندی این محصول برای تأمین عمده و فروش در فروشگاه‌ها و داروخانه‌ها مناسب است.,sb-300151102
5,کامان,Comeon,300151101,6260005177365,استیک صابونی کیلینیکال الیت سنس کامان,مراقبت پوست و بدن,1,3541502.0,3541502.0,4480000.0,20.9,https://raw.githubusercontent.com/omidadlii01/images_png/main/300151101_%D8%A7%D8%B3%D8%AA%DB%8C%DA%A9%20%D8%B5%D8%A7%D8%A8%D9%88%D9%86%DB%8C%20%DA%A9%D8%A7%D9%85%D8%A7%D9%86%20%D9%85%D8%AF%D9%84%20Light%20Sensitive%20Clinical%20%D8%AD%D8%AC%D9%85%2050%20%D9%85%DB%8C%D9%84%DB%8C%20%D9%84%DB%8C%D8%AA%D8%B1.png,استیک ضدتعریق کامان با فرمولاسیون مؤثر، بو و رطوبت بدن را در طول روز کنترل می‌کند و احساس خشکی و طراوت را به همراه دارد. بسته‌بندی این محصول برای تأمین عمده و فروش در فروشگاه‌ها و داروخانه‌ها مناسب است.,sb-300151101
6,کامان,Comeon,300300103,6262238324714,بالم دست آووکادو کامان,مراقبت پوست و بدن,1,1960474.0,1960474.0,2480000.0,20.9,https://raw.githubusercontent.com/omidadlii01/images_png/main/300300103_%D8%A8%D8%A7%D9%84%D9%85%20%D8%AF%D8%B3%D8%AA%20%D8%A2%D9%88%D9%88%DA%A9%D8%A7%D8%AF%D9%88%20%DA%A9%D8%A7%D9%85%D8%A7%D9%86.png,بالم دست آووکادو کامان از برند کامان، محصولی باکیفیت در دسته مراقبت پوست و بدن است که برای استفاده روزانه طراحی شده است. بسته‌بندی این محصول برای تأمین عمده و فروش در فروشگاه‌ها و داروخانه‌ها مناسب است.,sb-300300103
7,کامان,Comeon,300300101,6262238324707,بالم دست روغن بادام کامان,مراقبت پوست و بدن,1,1960474.0,1960474.0,2480000.0,20.9,https://raw.githubusercontent.com/omidadlii01/images_png/main/300300101_%D8%A8%D8%A7%D9%84%D9%85%20%D8%AF%D8%B3%D8%AA%20%D8%B1%D9%88%D8%BA%D9%86%20%D8%A8%D8%A7%D8%AF%D8%A7%D9%85%20%DA%A9%D8%A7%D9%85%D8%A7%D9%86.png,بالم دست روغن بادام کامان از برند کامان، محصولی باکیفیت در دسته مراقبت پوست و بدن است که برای استفاده روزانه طراحی شده است. بسته‌بندی این محصول برای تأمین عمده و فروش در فروشگاه‌ها و داروخانه‌ها مناسب است.,sb-300300101
8,کامان,Comeon,300300102,6262238324721,بالم دست شی باتر کامان,مراقبت پوست و بدن,1,1960474.0,1960474.0,2480000.0,20.9,https://raw.githubusercontent.com/omidadlii01/images_png/main/300300102_%D8%A8%D8%A7%D9%84%D9%85%20%D8%AF%D8%B3%D8%AA%20%D8%B4%DB%8C%20%D8%A8%D8%A7%D8%AA%D8%B1%20%DA%A9%D8%A7%D9%85%D8%A7%D9%86.png,بالم دست شی باتر کامان از برند کامان، محصولی باکیفیت در دسته مراقبت پوست و بدن است که برای استفاده روزانه طراحی شده است. بسته‌بندی این محصول برای تأمین عمده و فروش در فروشگاه‌ها و داروخانه‌ها مناسب است.,sb-300300102
9,کامان,Comeon,300300104,6262238324738,بالم دست نارگیل کامان,مراقبت پوست و بدن,1,1960474.0,1960474.0,2480000.0,20.9,https://raw.githubusercontent.com/omidadlii01/images_png/main/300300104_%D8%A8%D8%A7%D9%84%D9%85%20%D8%AF%D8%B3%D8%AA%20%D9%86%D8%A7%D8%B1%DA%AF%DB%8C%D9%84%20%DA%A9%D8%A7%D9%85%D8%A7%D9%86.png,بالم دست نارگیل کامان از برند کامان، محصولی باکیفیت در دسته مراقبت پوست و بدن است که برای استفاده روزانه طراحی شده است. بسته‌بندی این محصول برای تأمین عمده و فروش در فروشگاه‌ها و داروخانه‌ها مناسب است.,sb-300300104
10,کامان,Comeon,300152301,6260623341179,دئودورانت سرمه ای مردانه کامان,مراقبت پوست و بدن,1,3383399.0,3383399.0,4280000.0,20.9,https://raw.githubusercontent.com/omidadlii01/images_png/main/300152301_%D8%A7%D8%B3%D8%AA%DB%8C%DA%A9%20%D8%AF%D8%A6%D9%88%D8%AF%D9%88%D8%B1%D8%A7%D9%86%D8%AA%20%D8%B3%D8%B1%D9%85%D9%87%20%D8%A7%DB%8C%20%D9%85%D8%B1%D8%AF%D8%A7%D9%86%D9%87%20%DA%A9%D8%A7%D9%85%D8%A7%D9%86.png,استیک ضدتعریق کامان با فرمولاسیون مؤثر، بو و رطوبت بدن را در طول روز کنترل می‌کند و احساس خشکی و طراوت را به همراه دارد. بسته‌بندی این محصول برای تأمین عمده و فروش در فروشگاه‌ها و داروخانه‌ها مناسب است.,sb-300152301
11,کامان,Comeon,300152101,6260623341193,دئودورانت صورتی زنانه کامان,مراقبت پوست و بدن,1,3383399.0,3383399.0,4280000.0,20.9,https://raw.githubusercontent.com/omidadlii01/images_png/main/300152101_%D8%AF%D8%A6%D9%88%D8%AF%D9%88%D8%B1%D8%A7%D9%86%D8%AA%20%D8%B2%D9%86%D8%A7%D9%86%D9%87%20%DA%A9%D8%A7%D9%85%D8%A7%D9%86%20%D9%85%D8%AF%D9%84%20Deo%20Lady%20%D8%AD%D8%AC%D9%85%2075%20%D9%85%DB%8C%D9%84%DB%8C%20%D9%84%DB%8C%D8%AA%D8%B1.png,استیک ضدتعریق کامان با فرمولاسیون مؤثر، بو و رطوبت بدن را در طول روز کنترل می‌کند و احساس خشکی و طراوت را به همراه دارد. بسته‌بندی این محصول برای تأمین عمده و فروش در فروشگاه‌ها و داروخانه‌ها مناسب است.,sb-300152101
12,کامان,Comeon,300103101,6260623332948,دستمال مرطوب تخصصی دور چشم کامان,مراقبت پوست و بدن,1,853755.0,853755.0,1080000.0,20.9,https://raw.githubusercontent.com/omidadlii01/images_png/main/300103101_%D8%AF%D8%B3%D8%AA%D9%85%D8%A7%D9%84%20%D9%85%D8%B1%D8%B7%D9%88%D8%A8%20%D8%AA%D8%AE%D8%B5%D8%B5%DB%8C%20%D8%AF%D9%88%D8%B1%20%DA%86%D8%B4%D9%85%2010%20%D8%B9%D8%AF%D8%AF%DB%8C%20%DA%A9%D8%A7%D9%85%D8%A7%D9%86.png,دستمال مرطوب کامان برای نظافت و طراوت روزانه بدن مناسب است و بافتی نرم و بدون آسیب به پوست دارد. بسته‌بندی این محصول برای تأمین عمده و فروش در فروشگاه‌ها و داروخانه‌ها مناسب است.,sb-300103101
13,کامان,Comeon,300109101,6260623332955,دستمال مرطوب تخصصی شیر پاک کن کامان,مراقبت پوست و بدن,1,1328063.0,1328063.0,1680000.0,20.9,https://raw.githubusercontent.com/omidadlii01/images_png/main/300109101_%D8%AF%D8%B3%D8%AA%D9%85%D8%A7%D9%84%20%D9%85%D8%B1%D8%B7%D9%88%D8%A8%20%D8%AA%D8%AE%D8%B5%D8%B5%DB%8C%20%D8%B4%DB%8C%D8%B1%20%D9%BE%D8%A7%DA%A9%20%DA%A9%D9%86%20%DA%A9%D8%A7%D9%85%D8%A7%D9%86.png,دستمال مرطوب کامان برای نظافت و طراوت روزانه بدن مناسب است و بافتی نرم و بدون آسیب به پوست دارد. بسته‌بندی این محصول برای تأمین عمده و فروش در فروشگاه‌ها و داروخانه‌ها مناسب است.,sb-300109101
14,کامان,Comeon,300201101,6260623342176,شامپو بدن ژلی الیه بردار کامان,مراقبت پوست و بدن,1,5122530.0,5122530.0,6480000.0,20.9,https://raw.githubusercontent.com/omidadlii01/images_png/main/300201101_%D8%B4%D8%A7%D9%85%D9%BE%D9%88%20%D8%A8%D8%AF%D9%86%20%DA%98%D9%84%DB%8C%20%D9%84%D8%A7%DB%8C%D9%87%20%D8%A8%D8%B1%D8%AF%D8%A7%D8%B1%20%D8%B5%D8%AF%D9%81%DB%8C%20%DA%A9%D8%A7%D9%85%D8%A7%D9%86.png,شامپو کامان با فرمولی ملایم، موها را به‌آرامی تمیز کرده و به آن‌ها نرمی و درخشندگی می‌بخشد. بسته‌بندی این محصول برای تأمین عمده و فروش در فروشگاه‌ها و داروخانه‌ها مناسب است.,sb-300201101
15,کامان,Comeon,300201102,6260623342190,شامپو بدن ژلی مردانه کامان,مراقبت پوست و بدن,1,5122530.0,5122530.0,6480000.0,20.9,https://raw.githubusercontent.com/omidadlii01/images_png/main/300201102_%D8%B4%D8%A7%D9%85%D9%BE%D9%88%20%D8%A8%D8%AF%D9%86%20%DA%98%D9%84%DB%8C%20%D9%85%D8%B1%D8%AF%D8%A7%D9%86%D9%87%20%DA%A9%D8%A7%D9%85%D8%A7%D9%86.png,شامپو کامان با فرمولی ملایم، موها را به‌آرامی تمیز کرده و به آن‌ها نرمی و درخشندگی می‌بخشد. بسته‌بندی این محصول برای تأمین عمده و فروش در فروشگاه‌ها و داروخانه‌ها مناسب است.,sb-300201102
16,کامان,Comeon,300204102,6260623342169,شامپو بدن کرمی رطوبت رسان کامان,مراقبت پوست و بدن,1,5201581.0,5201581.0,6580000.0,20.9,https://raw.githubusercontent.com/omidadlii01/images_png/main/300204102_%D8%B4%D8%A7%D9%85%D9%BE%D9%88%20%D8%A8%D8%AF%D9%86%20%DA%A9%D8%B1%D9%85%D9%8A%20%D8%B1%D8%B7%D9%88%D8%A8%D8%AA%20%D8%B1%D8%B3%D8%A7%D9%86%20%D9%81%D9%86%D8%AF%D9%82%20%DA%A9%D8%A7%D9%85%D8%A7%D9%86.png,شامپو کامان با فرمولی ملایم، موها را به‌آرامی تمیز کرده و به آن‌ها نرمی و درخشندگی می‌بخشد. بسته‌بندی این محصول برای تأمین عمده و فروش در فروشگاه‌ها و داروخانه‌ها مناسب است.,sb-300204102
17,کامان,Comeon,300204103,6260623342152,شامپو بدن کرمی شاداب کننده کامان,مراقبت پوست و بدن,1,5201581.0,5201581.0,6580000.0,20.9,https://raw.githubusercontent.com/omidadlii01/images_png/main/300204103_%D8%B4%D8%A7%D9%85%D9%BE%D9%88%20%D8%A8%D8%AF%D9%86%20%DA%A9%D8%B1%D9%85%DB%8C%20%D8%B4%D8%A7%D8%AF%D8%A7%D8%A8%20%DA%A9%D9%86%D9%86%D8%AF%D9%87%20%D9%84%D9%88%D9%86%D8%AF%D8%B1%20%DA%A9%D8%A7%D9%85%D8%A7%D9%86.png,شامپو کامان با فرمولی ملایم، موها را به‌آرامی تمیز کرده و به آن‌ها نرمی و درخشندگی می‌بخشد. بسته‌بندی این محصول برای تأمین عمده و فروش در فروشگاه‌ها و داروخانه‌ها مناسب است.,sb-300204103
18,کامان,Comeon,300204101,6260623342183,شامپو بدن کرمی پاک کننده محافظ کامان,مراقبت پوست و بدن,1,5201581.0,5201581.0,6580000.0,20.9,https://raw.githubusercontent.com/omidadlii01/images_png/main/300204101_%D8%B4%D8%A7%D9%85%D9%BE%D9%88%20%D8%A8%D8%AF%D9%86%20%DA%A9%D8%B1%D9%85%D9%8A%20%D9%BE%D8%A7%DA%A9%20%DA%A9%D9%86%D9%86%D8%AF%D9%87%20%D9%85%D8%AD%D8%A7%D9%81%D8%B8%20%D8%B9%D8%B3%D9%84%20%DA%A9%D8%A7%D9%85%D8%A7%D9%86.png,شامپو کامان با فرمولی ملایم، موها را به‌آرامی تمیز کرده و به آن‌ها نرمی و درخشندگی می‌بخشد. بسته‌بندی این محصول برای تأمین عمده و فروش در فروشگاه‌ها و داروخانه‌ها مناسب است.,sb-300204101
19,کامان,Comeon,300226101,6260623342213,لوسیون بدن آووکادو کامان,مراقبت پوست و بدن,1,7098814.0,7098814.0,8980000.0,20.9,https://raw.githubusercontent.com/omidadlii01/images_png/main/300226101_%D9%84%D9%88%D8%B3%DB%8C%D9%88%D9%86%20%D8%A8%D8%AF%D9%86%20%D8%A2%D9%88%D9%88%DA%A9%D8%A7%D8%AF%D9%88%20%DA%A9%D8%A7%D9%85%D8%A7%D9%86%20%D9%85%D9%86%D8%A7%D8%B3%D8%A8%20%D8%A7%D9%86%D9%88%D8%A7%D8%B9%20%D9%BE%D9%88%D8%B3%D8%AA%20%D8%AD%D8%AC%D9%85%20510%20%D9%85%DB%8C%D9%84%DB%8C%20%D9%84%DB%8C%D8%AA%D8%B1.png,لوسیون بدن آووکادو کامان از برند کامان، محصولی باکیفیت در دسته مراقبت پوست و بدن است که برای استفاده روزانه طراحی شده است. بسته‌بندی این محصول برای تأمین عمده و فروش در فروشگاه‌ها و داروخانه‌ها مناسب است.,sb-300226101
20,کامان,Comeon,300226102,6260623342206,لوسیون بدن نارگیل کامان,مراقبت پوست و بدن,1,7098814.0,7098814.0,8980000.0,20.9,https://raw.githubusercontent.com/omidadlii01/images_png/main/300226102_%D9%84%D9%88%D8%B3%DB%8C%D9%88%D9%86%20%D8%A8%D8%AF%D9%86%20%D9%86%D8%A7%D8%B1%DA%AF%DB%8C%D9%84%D8%8C%20%D8%A8%D8%A7%D8%AF%D8%A7%D9%85%20%D9%88%20%D8%B9%D8%B3%D9%84%20%DA%A9%D8%A7%D9%85%D8%A7%D9%86%20%D9%85%D9%86%D8%A7%D8%B3%D8%A8%20%D8%A7%D9%86%D9%88%D8%A7%D8%B9%20%D9%BE%D9%88%D8%B3%D8%AA%20%D8%AD%D8%AC%D9%85%20510%20%D9%85%DB%8C%D9%84%DB%8C%20%D9%84%DB%8C%D8%AA%D8%B1.png,لوسیون بدن نارگیل کامان از برند کامان، محصولی باکیفیت در دسته مراقبت پوست و بدن است که برای استفاده روزانه طراحی شده است. بسته‌بندی این محصول برای تأمین عمده و فروش در فروشگاه‌ها و داروخانه‌ها مناسب است.,sb-300226102
21,کامان,Comeon,300191101,6260623341889,محلول آرایش پاک کن مخصوص پوست های خشک و معمولی کامان,زیبایی و آرایش بانوان,1,1715415.0,1715415.0,2170000.0,20.9,https://raw.githubusercontent.com/omidadlii01/images_png/main/300191101_%D9%85%D8%AD%D9%84%D9%88%D9%84%20%D9%BE%D8%A7%DA%A9%20%DA%A9%D9%86%D9%86%D8%AF%D9%87%20%D8%A7%D8%B1%D8%A7%DB%8C%D8%B4%20%D8%B5%D9%88%D8%B1%D8%AA%20%D9%85%DB%8C%D8%B3%D9%84%D8%A7%D8%B1%D9%88%D8%A7%D8%AA%D8%B1%20%D9%BE%D9%88%D8%B3%D8%AA%20%D9%85%D8%B9%D9%85%D9%88%D9%84%DB%8C%D8%8C%20%D8%AE%D8%B4%DA%A9%20%D9%88%20%D8%AD%D8%B3%D8%A7%D8%B3%20%DA%A9%D8%A7%D9%85%D8%A7%D9%86.png,محلول کامان برای پاکسازی و مراقبت روزانه پوست صورت طراحی شده و آلودگی و باقی‌مانده آرایش را به‌آرامی و بدون آسیب به پوست پاک می‌کند. بسته‌بندی این محصول برای تأمین عمده و فروش در فروشگاه‌ها و داروخانه‌ها مناسب است.,sb-300191101
22,کامان,Comeon,300191102,6260623341872,محلول آرایش پاک کن مخصوص پوست های چرب کامان,زیبایی و آرایش بانوان,1,2513834.0,2513834.0,3180000.0,20.9,https://raw.githubusercontent.com/omidadlii01/images_png/main/300191102_%D9%85%D8%AD%D9%84%D9%88%D9%84%20%D9%BE%D8%A7%DA%A9%20%DA%A9%D9%86%D9%86%D8%AF%D9%87%20%D8%A7%D8%B1%D8%A7%DB%8C%D8%B4%20%D8%B5%D9%88%D8%B1%D8%AA%20%D9%85%DB%8C%D8%B3%D9%84%D8%A7%D8%B1%D9%88%D8%A7%D8%AA%D8%B1%20%D9%BE%D9%88%D8%B3%D8%AA%20%D9%85%D8%AE%D8%AA%D9%84%D8%B7%D8%8C%20%DA%86%D8%B1%D8%A8%20%D9%88%20%D8%AC%D9%88%D8%B4%20%D8%AF%D8%A7%D8%B1%20%DA%A9%D8%A7%D9%85%D8%A7%D9%86.png,محلول کامان برای پاکسازی و مراقبت روزانه پوست صورت طراحی شده و آلودگی و باقی‌مانده آرایش را به‌آرامی و بدون آسیب به پوست پاک می‌کند. بسته‌بندی این محصول برای تأمین عمده و فروش در فروشگاه‌ها و داروخانه‌ها مناسب است.,sb-300191102
23,کامان,Comeon,300216104,6260623342374,ژل شستشوی صورت مخصوص پوست حساس کامان,مراقبت پوست و بدن,1,5359684.0,5359684.0,6780000.0,20.9,https://raw.githubusercontent.com/omidadlii01/images_png/main/300216104_%DA%98%D9%84%20%D8%B4%D8%B3%D8%AA%D8%B4%D9%88%DB%8C%20%D8%B5%D9%88%D8%B1%D8%AA%20%D9%85%D8%AE%D8%B5%D9%88%D8%B5%20%D9%BE%D9%88%D8%B3%D8%AA%20%D8%AD%D8%B3%D8%A7%D8%B3%20%DA%A9%D8%A7%D9%85%D8%A7%D9%86.png,ژل کامان با بافتی سبک، تمیزکنندگی و مراقبت مناسبی برای استفاده روزانه فراهم می‌کند. بسته‌بندی این محصول برای تأمین عمده و فروش در فروشگاه‌ها و داروخانه‌ها مناسب است.,sb-300216104
24,کامان,Comeon,300216101,6260623339732,ژل شستشوی صورت مخصوص پوست خشک کامان,مراقبت پوست و بدن,1,5359684.0,5359684.0,6780000.0,20.9,https://raw.githubusercontent.com/omidadlii01/images_png/main/300216101_%DA%98%D9%84%20%D8%B4%D8%B3%D8%AA%D8%B4%D9%88%DB%8C%20%D8%B5%D9%88%D8%B1%D8%AA%20%D9%85%D8%AE%D8%B5%D9%88%D8%B5%20%D9%BE%D9%88%D8%B3%D8%AA%20%D8%AE%D8%B4%DA%A9%20%DA%A9%D8%A7%D9%85%D8%A7%D9%86.png,ژل کامان با بافتی سبک، تمیزکنندگی و مراقبت مناسبی برای استفاده روزانه فراهم می‌کند. بسته‌بندی این محصول برای تأمین عمده و فروش در فروشگاه‌ها و داروخانه‌ها مناسب است.,sb-300216101
25,کامان,Comeon,300216105,6260623342367,ژل شستشوی صورت مخصوص پوست دارای جوش کامان,مراقبت پوست و بدن,1,5359684.0,5359684.0,6780000.0,20.9,https://raw.githubusercontent.com/omidadlii01/images_png/main/300216105_%DA%98%D9%84%20%D8%B4%D8%B3%D8%AA%D8%B4%D9%88%DB%8C%20%D8%B5%D9%88%D8%B1%D8%AA%20%D9%85%D8%AE%D8%B5%D9%88%D8%B5%20%D9%BE%D9%88%D8%B3%D8%AA%20%D8%AF%D8%A7%D8%B1%D8%A7%DB%8C%20%D8%AC%D9%88%D8%B4%20%DA%A9%D8%A7%D9%85%D8%A7%D9%86.png,ژل کامان با بافتی سبک، تمیزکنندگی و مراقبت مناسبی برای استفاده روزانه فراهم می‌کند. بسته‌بندی این محصول برای تأمین عمده و فروش در فروشگاه‌ها و داروخانه‌ها مناسب است.,sb-300216105
26,کامان,Comeon,300216102,6260623339763,ژل شستشوی صورت مخصوص پوست نرمال کامان,مراقبت پوست و بدن,1,5359684.0,5359684.0,6780000.0,20.9,https://raw.githubusercontent.com/omidadlii01/images_png/main/300216102_%DA%98%D9%84%20%D8%B4%D8%B3%D8%AA%D8%B4%D9%88%DB%8C%20%D8%B5%D9%88%D8%B1%D8%AA%20%D9%85%D8%AE%D8%B5%D9%88%D8%B5%20%D9%BE%D9%88%D8%B3%D8%AA%20%D9%86%D8%B1%D9%85%D8%A7%D9%84%20%DA%A9%D8%A7%D9%85%D8%A7%D9%86.png,ژل کامان با بافتی سبک، تمیزکنندگی و مراقبت مناسبی برای استفاده روزانه فراهم می‌کند. بسته‌بندی این محصول برای تأمین عمده و فروش در فروشگاه‌ها و داروخانه‌ها مناسب است.,sb-300216102
27,کامان,Comeon,300216103,6260623339794,ژل شستشوی صورت مخصوص پوست چرب کامان,مراقبت پوست و بدن,1,5359684.0,5359684.0,6780000.0,20.9,https://raw.githubusercontent.com/omidadlii01/images_png/main/300216103_%DA%98%D9%84%20%D8%B4%D8%B3%D8%AA%D8%B4%D9%88%DB%8C%20%D8%B5%D9%88%D8%B1%D8%AA%20%D9%85%D8%AE%D8%B5%D9%88%D8%B5%20%D9%BE%D9%88%D8%B3%D8%AA%20%DA%86%D8%B1%D8%A8%20%DA%A9%D8%A7%D9%85%D8%A7%D9%86.png,ژل کامان با بافتی سبک، تمیزکنندگی و مراقبت مناسبی برای استفاده روزانه فراهم می‌کند. بسته‌بندی این محصول برای تأمین عمده و فروش در فروشگاه‌ها و داروخانه‌ها مناسب است.,sb-300216103
28,کامان,Comeon,300126108,6262238810330,کرم 250 میل کاسه ای با عصاره خیار کامان,مراقبت پوست و بدن,1,2347826.0,2347826.0,2970000.0,20.9,https://raw.githubusercontent.com/omidadlii01/images_png/main/300126108_%DA%A9%D8%B1%D9%85%20%DA%A9%D8%A7%D8%B3%D9%87%20%D8%A7%DB%8C%20%D9%85%D8%B1%D8%B7%D9%88%D8%A8%20%DA%A9%D9%86%D9%86%D8%AF%D9%87%20%DA%A9%D8%A7%D9%85%D8%A7%D9%86%20%D9%85%D8%AF%D9%84%20%D8%B9%D8%B5%D8%A7%D8%B1%D9%87%20%D8%AE%DB%8C%D8%A7%D8%B1%20%D9%85%D9%86%D8%A7%D8%B3%D8%A8%20%D9%BE%D9%88%D8%B3%D8%AA%20%D8%AE%D8%B4%DA%A9%20%D8%AD%D8%AC%D9%85%20250%20%D9%85%DB%8C%D9%84%DB%8C%20%D9%84%DB%8C%D8%AA%D8%B1.png,کرم کامان با بافتی سبک و سریع‌جذب، پوست را مرطوب و نرم نگه می‌دارد و برای استفاده روزانه مناسب است. بسته‌بندی این محصول برای تأمین عمده و فروش در فروشگاه‌ها و داروخانه‌ها مناسب است.,sb-300126108
29,کامان,Comeon,300128106,6262238810347,کرم 400 میل پمپی با عصاره خیار کامان,مراقبت پوست و بدن,1,6624506.0,6624506.0,8380000.0,20.9,https://raw.githubusercontent.com/omidadlii01/images_png/main/300128106_%DA%A9%D8%B1%D9%85%20%D9%85%D8%B1%D8%B7%D9%88%D8%A8%20%DA%A9%D9%86%D9%86%D8%AF%D9%87%20%DA%A9%D8%A7%D9%85%D8%A7%D9%86%20%D9%85%D8%AF%D9%84%20%D8%B9%D8%B5%D8%A7%D8%B1%D9%87%20%D8%AE%DB%8C%D8%A7%D8%B1%20%D9%85%D9%86%D8%A7%D8%B3%D8%A8%20%D9%BE%D9%88%D8%B3%D8%AA%20%D8%AE%D8%B4%DA%A9%20%D8%AD%D8%AC%D9%85%20400%20%D9%85%DB%8C%D9%84%DB%8C%20%D9%84%DB%8C%D8%AA%D8%B1.png,کرم کامان با بافتی سبک و سریع‌جذب، پوست را مرطوب و نرم نگه می‌دارد و برای استفاده روزانه مناسب است. بسته‌بندی این محصول برای تأمین عمده و فروش در فروشگاه‌ها و داروخانه‌ها مناسب است.,sb-300128106
30,کامان,Comeon,300232104,6260623340066,کرم آبرسان ویتامین سی کامان,مراقبت پوست و بدن,1,3462451.0,3462451.0,4380000.0,20.9,https://raw.githubusercontent.com/omidadlii01/images_png/main/300232104_%DA%A9%D8%B1%D9%85%20%D8%A2%D8%A8%D8%B1%D8%B3%D8%A7%D9%86%20%D8%B5%D9%88%D8%B1%D8%AA%20%DA%A9%D8%A7%D9%85%D8%A7%D9%86%20%D9%85%D8%AF%D9%84%20Vitamin%20C%20%D8%AD%D8%AC%D9%85%20200%20%D9%85%DB%8C%D9%84%DB%8C%E2%80%8C%D9%84%DB%8C%D8%AA%D8%B1.png,کرم کامان با بافتی سبک و سریع‌جذب، پوست را مرطوب و نرم نگه می‌دارد و برای استفاده روزانه مناسب است. بسته‌بندی این محصول برای تأمین عمده و فروش در فروشگاه‌ها و داروخانه‌ها مناسب است.,sb-300232104
31,کامان,Comeon,300232105,6260623340073,کرم آبرسان کالژن کامان,مراقبت پوست و بدن,1,3462451.0,3462451.0,4380000.0,20.9,https://raw.githubusercontent.com/omidadlii01/images_png/main/300232105_%DA%A9%D8%B1%D9%85%20%D8%A2%D8%A8%D8%B1%D8%B3%D8%A7%D9%86%20%D8%B5%D9%88%D8%B1%D8%AA%20%DA%A9%D8%A7%D9%85%D8%A7%D9%86%20%D9%85%D8%AF%D9%84%20COLLAGEN%20%D8%AD%D8%AC%D9%85%20200%20%D9%85%DB%8C%D9%84%DB%8C%E2%80%8C%D9%84%DB%8C%D8%AA%D8%B1.png,کرم کامان با بافتی سبک و سریع‌جذب، پوست را مرطوب و نرم نگه می‌دارد و برای استفاده روزانه مناسب است. بسته‌بندی این محصول برای تأمین عمده و فروش در فروشگاه‌ها و داروخانه‌ها مناسب است.,sb-300232105
32,کامان,Comeon,300232102,6260623340080,کرم آبرسان کیوتن کامان,مراقبت پوست و بدن,1,3462451.0,3462451.0,4380000.0,20.9,https://raw.githubusercontent.com/omidadlii01/images_png/main/300232102_%DA%A9%D8%B1%D9%85%20%D8%A2%D8%A8%D8%B1%D8%B3%D8%A7%D9%86%20%D8%B5%D9%88%D8%B1%D8%AA%20%DA%A9%D8%A7%D9%85%D8%A7%D9%86%20%D9%85%D8%AF%D9%84%20Q10%20%D8%AD%D8%AC%D9%85%20200%20%D9%85%DB%8C%D9%84%DB%8C%E2%80%8C%D9%84%DB%8C%D8%AA%D8%B1.png,کرم کامان با بافتی سبک و سریع‌جذب، پوست را مرطوب و نرم نگه می‌دارد و برای استفاده روزانه مناسب است. بسته‌بندی این محصول برای تأمین عمده و فروش در فروشگاه‌ها و داروخانه‌ها مناسب است.,sb-300232102
33,کامان,Comeon,300123101,6260623338971,کرم ترک پا کامان,مراقبت پوست و بدن,1,5043478.0,5043478.0,6380000.0,20.9,https://raw.githubusercontent.com/omidadlii01/images_png/main/300123101_%DA%A9%D8%B1%D9%85%20%D9%85%D8%B1%D8%B7%D9%88%D8%A8%20%DA%A9%D9%86%D9%86%D8%AF%D9%87%20%D9%88%20%D8%A7%D8%B2%D8%A8%DB%8C%D9%86%20%D8%A8%D8%B1%D9%86%D8%AF%D9%87%20%D8%AE%D8%B4%DA%A9%DB%8C%20%D9%88%20%D8%AA%D8%B1%DA%A9%20%DA%A9%D9%81%20%D9%BE%D8%A7%20%DA%A9%D8%A7%D9%85%D8%A7%D9%86%20%D8%AD%D8%AC%D9%85%20230%20%D9%85%DB%8C%D9%84%DB%8C%E2%80%8C%20%D9%84%DB%8C%D8%AA%D8%B1.png,کرم کامان با بافتی سبک و سریع‌جذب، پوست را مرطوب و نرم نگه می‌دارد و برای استفاده روزانه مناسب است. بسته‌بندی این محصول برای تأمین عمده و فروش در فروشگاه‌ها و داروخانه‌ها مناسب است.,sb-300123101
34,کامان,Comeon,300127102,6260623335758,کرم تیوپی نرمال پشن بری کامان,مراقبت پوست و بدن,1,1407115.0,1407115.0,1780000.0,20.9,https://raw.githubusercontent.com/omidadlii01/images_png/main/300127102_%DA%A9%D8%B1%D9%85%20%D8%AA%DB%8C%D9%88%D9%BE%DB%8C%20%D9%BE%D8%B4%D9%86%20%D8%A8%D8%B1%DB%8C%20%D9%85%D9%86%D8%A7%D8%B3%D8%A8%20%D9%BE%D9%88%D8%B3%D8%AA%20%D9%86%D8%B1%D9%85%D8%A7%D9%84%20%DA%A9%D8%A7%D9%85%D8%A7%D9%86.png,کرم کامان با بافتی سبک و سریع‌جذب، پوست را مرطوب و نرم نگه می‌دارد و برای استفاده روزانه مناسب است. بسته‌بندی این محصول برای تأمین عمده و فروش در فروشگاه‌ها و داروخانه‌ها مناسب است.,sb-300127102
35,کامان,Comeon,300127101,6260623335741,کرم تیوپی پوست های خشک آووکادوو کامان,مراقبت پوست و بدن,1,1565217.0,1565217.0,1980000.0,20.9,https://raw.githubusercontent.com/omidadlii01/images_png/main/300127101_%DA%A9%D8%B1%D9%85%20%D8%AA%D9%8A%D9%88%D9%BE%DB%8C%20%D8%A2%D9%88%D9%88%DA%A9%D8%A7%D8%AF%D9%88%20%D9%85%D9%86%D8%A7%D8%B3%D8%A8%20%D9%BE%D9%88%D8%B3%D8%AA%20%D9%87%D8%A7%DB%8C%20%D8%AE%D8%B4%DA%A9%20%DA%A9%D8%A7%D9%85%D8%A7%D9%86.png,کرم کامان با بافتی سبک و سریع‌جذب، پوست را مرطوب و نرم نگه می‌دارد و برای استفاده روزانه مناسب است. بسته‌بندی این محصول برای تأمین عمده و فروش در فروشگاه‌ها و داروخانه‌ها مناسب است.,sb-300127101
36,کامان,Comeon,300127104,6260623300138,کرم تیوپی پوست های خیلی خشک کامان,مراقبت پوست و بدن,1,1565217.0,1565217.0,1980000.0,20.9,https://raw.githubusercontent.com/omidadlii01/images_png/main/300127104_%DA%A9%D8%B1%D9%85%20%D8%AA%DB%8C%D9%88%D9%BE%DB%8C%20%D9%BE%D9%88%D8%B3%D8%AA%20%D9%87%D8%A7%DB%8C%20%D8%AE%DB%8C%D9%84%DB%8C%20%D8%AE%D8%B4%DA%A9%20%DA%A9%D8%A7%D9%85%D8%A7%D9%86.png,کرم کامان با بافتی سبک و سریع‌جذب، پوست را مرطوب و نرم نگه می‌دارد و برای استفاده روزانه مناسب است. بسته‌بندی این محصول برای تأمین عمده و فروش در فروشگاه‌ها و داروخانه‌ها مناسب است.,sb-300127104
37,کامان,Comeon,300127103,6260623335734,کرم تیوپی پوست های چرب آرگان کامان,مراقبت پوست و بدن,1,1407115.0,1407115.0,1780000.0,20.9,https://raw.githubusercontent.com/omidadlii01/images_png/main/300127103_%DA%A9%D8%B1%D9%85%20%D8%AA%DB%8C%D9%88%D9%BE%DB%8C%20%D9%BE%D9%88%D8%B3%D8%AA%20%D9%87%D8%A7%DB%8C%20%DA%86%D8%B1%D8%A8%20%D8%A2%D8%B1%DA%AF%D8%A7%D9%86%20%DA%A9%D8%A7%D9%85%D8%A7%D9%86.png,کرم کامان با بافتی سبک و سریع‌جذب، پوست را مرطوب و نرم نگه می‌دارد و برای استفاده روزانه مناسب است. بسته‌بندی این محصول برای تأمین عمده و فروش در فروشگاه‌ها و داروخانه‌ها مناسب است.,sb-300127103
38,کامان,Comeon,300118101,6260623338605,کرم وازلین بهداشتی پمپی کامان,مراقبت پوست و بدن,1,4648221.0,4648221.0,5880000.0,20.9,https://raw.githubusercontent.com/omidadlii01/images_png/main/300118101_%DA%A9%D8%B1%D9%85%20%D9%88%D8%A7%D8%B2%D9%84%DB%8C%D9%86%20%DA%A9%D8%A7%D9%85%D8%A7%D9%86%20%D9%85%D8%AF%D9%84%20%D8%B1%D9%88%D8%BA%D9%86%20%D8%A2%D8%B1%DA%AF%D8%A7%D9%86%20%D9%88%20%D9%88%DB%8C%D8%AA%D8%A7%D9%85%DB%8C%D9%86%20E%20%D9%85%D9%86%D8%A7%D8%B3%D8%A8%20%D9%BE%D9%88%D8%B3%D8%AA%20%D8%AD%D8%B3%D8%A7%D8%B3%20%D8%AD%D8%AC%D9%85%20230%20%D9%85%DB%8C%D9%84%DB%8C%20%D9%84%DB%8C%D8%AA%D8%B1.png,کرم کامان با بافتی سبک و سریع‌جذب، پوست را مرطوب و نرم نگه می‌دارد و برای استفاده روزانه مناسب است. بسته‌بندی این محصول برای تأمین عمده و فروش در فروشگاه‌ها و داروخانه‌ها مناسب است.,sb-300118101
39,کامان,Comeon,300128107,6262238390702,کرم پمپی 400 میل انار کامان,مراقبت پوست و بدن,1,4885375.0,4885375.0,6180000.0,20.9,https://raw.githubusercontent.com/omidadlii01/images_png/main/300128107_%DA%A9%D8%B1%D9%85%20%D9%BE%D9%85%D9%BE%DB%8C%20400%20%D9%85%DB%8C%D9%84%20%D8%A7%D9%86%D8%A7%D8%B1%20%DA%A9%D8%A7%D9%85%D8%A7%D9%86.png,کرم کامان با بافتی سبک و سریع‌جذب، پوست را مرطوب و نرم نگه می‌دارد و برای استفاده روزانه مناسب است. بسته‌بندی این محصول برای تأمین عمده و فروش در فروشگاه‌ها و داروخانه‌ها مناسب است.,sb-300128107
40,کامان,Comeon,300128102,6260623338520,کرم پمپی ب کمپلکس نرمال پشن بری کامان,مراقبت پوست و بدن,1,6624506.0,6624506.0,8380000.0,20.9,https://raw.githubusercontent.com/omidadlii01/images_png/main/300128102_%DA%A9%D8%B1%D9%85%20%D9%BE%D9%85%D9%BE%DB%8C%20%D8%A8%20%DA%A9%D9%85%D9%BE%D9%84%DA%A9%D8%B3%20%D9%86%D8%B1%D9%85%D8%A7%D9%84%20%D9%BE%D8%B4%D9%86%20%D8%A8%D8%B1%DB%8C%20400%20%D9%85%DB%8C%D9%84%20%DA%A9%D8%A7%D9%85%D8%A7%D9%86.png,کرم کامان با بافتی سبک و سریع‌جذب، پوست را مرطوب و نرم نگه می‌دارد و برای استفاده روزانه مناسب است. بسته‌بندی این محصول برای تأمین عمده و فروش در فروشگاه‌ها و داروخانه‌ها مناسب است.,sb-300128102
41,کامان,Comeon,300128201,6260623300398,کرم پمپی ب کمپلکس پوست های خشک آووکادوو 200 میل کامان,مراقبت پوست و بدن,1,4252964.0,4252964.0,5380000.0,20.9,https://raw.githubusercontent.com/omidadlii01/images_png/main/300128201_%DA%A9%D8%B1%D9%85%20%D9%BE%D9%85%D9%BE%DB%8C%20%D8%A8%20%DA%A9%D9%85%D9%BE%D9%84%DA%A9%D8%B3%20%D9%BE%D9%88%D8%B3%D8%AA%20%D8%AE%D8%B4%DA%A9%20%D8%A2%D9%88%D9%88%DA%A9%D8%A7%D8%AF%D9%88%20200%20%D9%85%DB%8C%D9%84%20%DA%A9%D8%A7%D9%85%D8%A7%D9%86.png,کرم کامان با بافتی سبک و سریع‌جذب، پوست را مرطوب و نرم نگه می‌دارد و برای استفاده روزانه مناسب است. بسته‌بندی این محصول برای تأمین عمده و فروش در فروشگاه‌ها و داروخانه‌ها مناسب است.,sb-300128201
42,کامان,Comeon,300128101,6260623338506,کرم پمپی ب کمپلکس پوست های خشک آووکادوو کامان,مراقبت پوست و بدن,1,4885375.0,4885375.0,6180000.0,20.9,https://raw.githubusercontent.com/omidadlii01/images_png/main/300128101_%DA%A9%D8%B1%D9%85%20%D9%BE%D9%85%D9%BE%DB%8C%20%D8%A8%20%DA%A9%D9%85%D9%BE%D9%84%DA%A9%D8%B3%20%D9%BE%D9%88%D8%B3%D8%AA%20%D9%87%D8%A7%DB%8C%20%D8%AE%D8%B4%DA%A9%20%D8%A2%D9%88%D9%88%DA%A9%D8%A7%D8%AF%D9%88%20400%20%D9%85%DB%8C%D9%84%20%DA%A9%D8%A7%D9%85%D8%A7%D9%86.png,کرم کامان با بافتی سبک و سریع‌جذب، پوست را مرطوب و نرم نگه می‌دارد و برای استفاده روزانه مناسب است. بسته‌بندی این محصول برای تأمین عمده و فروش در فروشگاه‌ها و داروخانه‌ها مناسب است.,sb-300128101
43,کامان,Comeon,300128104,6260623343326,کرم پمپی ب کمپلکس پوست های خیلی خشک کامان,مراقبت پوست و بدن,1,6624506.0,6624506.0,8380000.0,20.9,https://raw.githubusercontent.com/omidadlii01/images_png/main/300128104_%DA%A9%D8%B1%D9%85%20%D9%BE%D9%85%D9%BE%DB%8C%20%D8%A8%20%DA%A9%D9%85%D9%BE%D9%84%DA%A9%D8%B3%20%D8%A8%D8%B1%D8%A7%DB%8C%20%D9%BE%D9%88%D8%B3%D8%AA%20%D9%87%D8%A7%DB%8C%20%D8%AE%DB%8C%D9%84%DB%8C%20%D8%AE%D8%B4%DA%A9%20400%20%D9%85%DB%8C%D9%84%20%DA%A9%D8%A7%D9%85%D8%A7%D9%86.png,کرم کامان با بافتی سبک و سریع‌جذب، پوست را مرطوب و نرم نگه می‌دارد و برای استفاده روزانه مناسب است. بسته‌بندی این محصول برای تأمین عمده و فروش در فروشگاه‌ها و داروخانه‌ها مناسب است.,sb-300128104
44,کامان,Comeon,300128103,6260623338513,کرم پمپی ب کمپلکس پوست های چرب آرگان کامان,مراقبت پوست و بدن,1,6624506.0,6624506.0,8380000.0,20.9,https://raw.githubusercontent.com/omidadlii01/images_png/main/300128103_%DA%A9%D8%B1%D9%85%20%D9%BE%D9%85%D9%BE%DB%8C%20%D8%A8%20%DA%A9%D9%85%D9%BE%D9%84%DA%A9%D8%B3%20%D9%BE%D9%88%D8%B3%D8%AA%20%D9%87%D8%A7%DB%8C%20%DA%86%D8%B1%D8%A8%20%D8%A2%D8%B1%DA%AF%D8%A7%D9%86%20400%20%D9%85%DB%8C%D9%84%20%DA%A9%D8%A7%D9%85%D8%A7%D9%86.png,کرم کامان با بافتی سبک و سریع‌جذب، پوست را مرطوب و نرم نگه می‌دارد و برای استفاده روزانه مناسب است. بسته‌بندی این محصول برای تأمین عمده و فروش در فروشگاه‌ها و داروخانه‌ها مناسب است.,sb-300128103
45,کامان,Comeon,300126106,6262238810354,کرم کاسه ای انار کامان,مراقبت پوست و بدن,1,3146245.0,3146245.0,3980000.0,20.9,https://raw.githubusercontent.com/omidadlii01/images_png/main/300126106_%DA%A9%D8%B1%D9%85%20%DA%A9%D8%A7%D8%B3%D9%87%20%D8%A7%DB%8C%20%D9%85%D8%B1%D8%B7%D9%88%D8%A8%20%DA%A9%D9%86%D9%86%D8%AF%D9%87%20%DA%A9%D8%A7%D9%85%D8%A7%D9%86%20%D9%85%D8%AF%D9%84%20%D8%B9%D8%B5%D8%A7%D8%B1%D9%87%20%D8%A7%D9%86%D8%A7%D8%B1%20%D9%85%D9%86%D8%A7%D8%B3%D8%A8%20%D9%BE%D9%88%D8%B3%D8%AA%20%D8%AE%D8%B4%DA%A9%20%D8%AD%D8%AC%D9%85%20250%20%D9%85%DB%8C%D9%84%DB%8C%20%D9%84%DB%8C%D8%AA%D8%B1.png,کرم کامان با بافتی سبک و سریع‌جذب، پوست را مرطوب و نرم نگه می‌دارد و برای استفاده روزانه مناسب است. بسته‌بندی این محصول برای تأمین عمده و فروش در فروشگاه‌ها و داروخانه‌ها مناسب است.,sb-300126106
46,کامان,Comeon,300126101,6260623332863,کرم کاسه ای مخصوص پوست های خشک آووکادو کامان,مراقبت پوست و بدن,1,4332016.0,4332016.0,5480000.0,20.9,https://raw.githubusercontent.com/omidadlii01/images_png/main/300126101_%DA%A9%D8%B1%D9%85%20%DA%A9%D8%A7%D8%B3%D9%87%20%D8%A7%DB%8C%20%D9%85%D8%AE%D8%B5%D9%88%D8%B5%20%D9%BE%D9%88%D8%B3%D8%AA%20%D9%87%D8%A7%DB%8C%20%D8%AE%D8%B4%DA%A9%20%D8%A2%D9%88%D9%88%DA%A9%D8%A7%D8%AF%D9%88%20%DA%A9%D8%A7%D9%85%D8%A7%D9%86.png,کرم کامان با بافتی سبک و سریع‌جذب، پوست را مرطوب و نرم نگه می‌دارد و برای استفاده روزانه مناسب است. بسته‌بندی این محصول برای تأمین عمده و فروش در فروشگاه‌ها و داروخانه‌ها مناسب است.,sb-300126101
47,کامان,Comeon,300126104,6260623300190,کرم کاسه ای مخصوص پوست های خیلی خشک کامان,مراقبت پوست و بدن,1,4332016.0,4332016.0,5480000.0,20.9,https://raw.githubusercontent.com/omidadlii01/images_png/main/300126104_%DA%A9%D8%B1%D9%85%20%DA%A9%D8%A7%D8%B3%D9%87%20%D8%A7%DB%8C%20%DA%A9%D8%A7%D9%85%D8%A7%D9%86%20%D9%85%D8%AF%D9%84%20%D9%85%D9%88%D9%85%20%D8%B9%D8%B3%D9%84%20%D9%85%D9%86%D8%A7%D8%B3%D8%A8%20%D9%BE%D9%88%D8%B3%D8%AA%20%D9%87%D8%A7%DB%8C%20%D8%AE%DB%8C%D9%84%DB%8C%20%D8%AE%D8%B4%DA%A9%20%D8%AD%D8%AC%D9%85%20250%20%D9%85%DB%8C%D9%84%DB%8C%20%D9%84%DB%8C%D8%AA%D8%B1.png,کرم کامان با بافتی سبک و سریع‌جذب، پوست را مرطوب و نرم نگه می‌دارد و برای استفاده روزانه مناسب است. بسته‌بندی این محصول برای تأمین عمده و فروش در فروشگاه‌ها و داروخانه‌ها مناسب است.,sb-300126104
48,کامان,Comeon,300126103,6260623332856,کرم کاسه ای مخصوص پوست های چرب آرگان کامان,مراقبت پوست و بدن,1,4332016.0,4332016.0,5480000.0,20.9,https://raw.githubusercontent.com/omidadlii01/images_png/main/300126103_%DA%A9%D8%B1%D9%85%20%DA%A9%D8%A7%D8%B3%D9%87%20%D8%A7%DB%8C%20%D9%85%D8%AE%D8%B5%D9%88%D8%B5%20%D9%BE%D9%88%D8%B3%D8%AA%20%D9%87%D8%A7%DB%8C%20%DA%86%D8%B1%D8%A8%20%D8%A2%D8%B1%DA%AF%D8%A7%D9%86%20%DA%A9%D8%A7%D9%85%D8%A7%D9%86.png,کرم کامان با بافتی سبک و سریع‌جذب، پوست را مرطوب و نرم نگه می‌دارد و برای استفاده روزانه مناسب است. بسته‌بندی این محصول برای تأمین عمده و فروش در فروشگاه‌ها و داروخانه‌ها مناسب است.,sb-300126103
49,کامان,Comeon,300126102,6260623332870,کرم کاسه ای نرمال پشن بری کامان,مراقبت پوست و بدن,1,4332016.0,4332016.0,5480000.0,20.9,https://raw.githubusercontent.com/omidadlii01/images_png/main/300126102_%DA%A9%D8%B1%D9%85%20%DA%A9%D8%A7%D8%B3%D9%87%20%D8%A7%DB%8C%20%D9%86%D8%B1%D9%85%D8%A7%D9%84%20%D9%BE%D8%B4%D9%86%20%D8%A8%D8%B1%DB%8C%20%DA%A9%D8%A7%D9%85%D8%A7%D9%86.png,کرم کامان با بافتی سبک و سریع‌جذب، پوست را مرطوب و نرم نگه می‌دارد و برای استفاده روزانه مناسب است. بسته‌بندی این محصول برای تأمین عمده و فروش در فروشگاه‌ها و داروخانه‌ها مناسب است.,sb-300126102
50,کامان,Comeon,300126107,6262238810361,کرم کاسه ای ویتامین سی کامان,مراقبت پوست و بدن,1,2347826.0,2347826.0,2970000.0,20.9,https://raw.githubusercontent.com/omidadlii01/images_png/main/300126107_%DA%A9%D8%B1%D9%85%20%DA%A9%D8%A7%D8%B3%D9%87%20%D8%A7%DB%8C%20%D9%85%D8%B1%D8%B7%D9%88%D8%A8%20%DA%A9%D9%86%D9%86%D8%AF%D9%87%20%DA%A9%D8%A7%D9%85%D8%A7%D9%86%20%D9%85%D8%AF%D9%84%20%D9%88%DB%8C%D8%AA%D8%A7%D9%85%DB%8C%D9%86%20%D8%B3%DB%8C%20%D9%85%D9%86%D8%A7%D8%B3%D8%A8%20%D8%A7%D9%86%D9%88%D8%A7%D8%B9%20%D9%BE%D9%88%D8%B3%D8%AA%20%D8%AD%D8%AC%D9%85%20250%20%D9%85%DB%8C%D9%84%DB%8C%20%D9%84%DB%8C%D8%AA%D8%B1.png,کرم کامان با بافتی سبک و سریع‌جذب، پوست را مرطوب و نرم نگه می‌دارد و برای استفاده روزانه مناسب است. بسته‌بندی این محصول برای تأمین عمده و فروش در فروشگاه‌ها و داروخانه‌ها مناسب است.,sb-300126107
51,کامان,Comeon,300236101,6260623338124,کنسانتره پمپی آلوئه ورا کامان,مراقبت پوست و بدن,1,4252964.0,4252964.0,5380000.0,20.9,https://raw.githubusercontent.com/omidadlii01/images_png/main/300236101_%DA%98%D9%84%20%D8%A2%D8%A8%D8%B1%D8%B3%D8%A7%D9%86%20%DA%A9%D8%A7%D9%85%D8%A7%D9%86%20%D9%85%D8%AF%D9%84%20%DA%A9%D9%86%D8%B3%D8%A7%D9%86%D8%AA%D8%B1%D9%87%20%D9%BE%D9%85%D9%BE%DB%8C%20%D8%A2%D9%84%D9%88%D8%A6%D9%87%20%D9%88%D8%B1%D8%A7%20%D8%AD%D8%AC%D9%85%20400%20%D9%85%DB%8C%D9%84%DB%8C%E2%80%8C%D9%84%DB%8C%D8%AA%D8%B1.png,کنسانتره پمپی آلوئه ورا کامان از برند کامان، محصولی باکیفیت در دسته مراقبت پوست و بدن است که برای استفاده روزانه طراحی شده است. بسته‌بندی این محصول برای تأمین عمده و فروش در فروشگاه‌ها و داروخانه‌ها مناسب است.,sb-300236101
52,میسویک,Misswake,400186101,6260623300459,اسپری دهانشویه اوکالیپتوس میسویک,بهداشت دهان و دندان,1,2118577.0,2118577.0,2680000.0,20.9,https://raw.githubusercontent.com/omidadlii01/images_png/main/400186101_%D8%A7%D8%B3%D9%BE%D8%B1%DB%8C%20%D8%AE%D9%88%D8%B4%D8%A8%D9%88%20%DA%A9%D9%86%D9%86%D8%AF%D9%87%20%D8%AF%D9%87%D8%A7%D9%86%20%D8%A7%DA%A9%D8%A7%D9%84%DB%8C%D9%BE%D8%AA%D9%88%D8%B3%20%D9%85%DB%8C%D8%B3%D9%88%DB%8C%DA%A9.png,اسپری دهانشویه اوکالیپتوس میسویک از برند میسویک، محصولی باکیفیت در دسته بهداشت دهان و دندان است که برای استفاده روزانه طراحی شده است. بسته‌بندی این محصول برای تأمین عمده و فروش در فروشگاه‌ها و داروخانه‌ها مناسب است.,sb-400186101
53,میسویک,Misswake,400186107,6260623303993,اسپری دهانشویه لبوبو میسویک,بهداشت دهان و دندان,1,2118577.0,2118577.0,2680000.0,20.9,https://raw.githubusercontent.com/omidadlii01/images_png/main/400186107_%D8%A7%D8%B3%D9%BE%D8%B1%DB%8C%20%D8%AF%D9%87%D8%A7%D9%86%D8%B4%D9%88%DB%8C%D9%87%20%D9%84%D8%A8%D9%88%D8%A8%D9%88%20%D9%85%DB%8C%D8%B3%D9%88%DB%8C%DA%A9.png,اسپری دهانشویه لبوبو میسویک از برند میسویک، محصولی باکیفیت در دسته بهداشت دهان و دندان است که برای استفاده روزانه طراحی شده است. بسته‌بندی این محصول برای تأمین عمده و فروش در فروشگاه‌ها و داروخانه‌ها مناسب است.,sb-400186107
54,میسویک,Misswake,400186102,6260623300466,اسپری دهانشویه نعنا میسویک,بهداشت دهان و دندان,1,2118577.0,2118577.0,2680000.0,20.9,https://raw.githubusercontent.com/omidadlii01/images_png/main/400186102_%D8%A7%D8%B3%D9%BE%D8%B1%DB%8C%20%D8%AE%D9%88%D8%B4%D8%A8%D9%88%20%DA%A9%D9%86%D9%86%D8%AF%D9%87%20%D8%AF%D9%87%D8%A7%D9%86%20%D9%86%D8%B9%D9%86%D8%A7%D8%B9%20%D9%85%DB%8C%D8%B3%D9%88%DB%8C%DA%A9.png,اسپری دهانشویه نعنا میسویک از برند میسویک، محصولی باکیفیت در دسته بهداشت دهان و دندان است که برای استفاده روزانه طراحی شده است. بسته‌بندی این محصول برای تأمین عمده و فروش در فروشگاه‌ها و داروخانه‌ها مناسب است.,sb-400186102
55,میسویک,Misswake,400186104,6260623304273,اسپری دهانشویه نعنا یخ میسویک,بهداشت دهان و دندان,1,2118577.0,2118577.0,2680000.0,20.9,https://raw.githubusercontent.com/omidadlii01/images_png/main/400186104_%D8%A7%D8%B3%D9%BE%D8%B1%DB%8C%20%D8%AF%D9%87%D8%A7%D9%86%20%D9%86%D8%B9%D9%86%D8%A7%D8%B9%20%DB%8C%D8%AE%20%D9%85%DB%8C%D8%B3%D9%88%DB%8C%DA%A9.png,اسپری دهانشویه نعنا یخ میسویک از برند میسویک، محصولی باکیفیت در دسته بهداشت دهان و دندان است که برای استفاده روزانه طراحی شده است. بسته‌بندی این محصول برای تأمین عمده و فروش در فروشگاه‌ها و داروخانه‌ها مناسب است.,sb-400186104
56,میسویک,Misswake,400186105,6260623303986,اسپری دهانشویه هندوانه میسویک,بهداشت دهان و دندان,1,2118577.0,2118577.0,2680000.0,20.9,https://raw.githubusercontent.com/omidadlii01/images_png/main/400186105_%D8%A7%D8%B3%D9%BE%D8%B1%DB%8C%20%D8%AF%D9%87%D8%A7%D9%86%20%D9%87%D9%86%D8%AF%D9%88%D8%A7%D9%86%D9%87%20%D9%85%DB%8C%D8%B3%D9%88%DB%8C%DA%A9.png,اسپری دهانشویه هندوانه میسویک از برند میسویک، محصولی باکیفیت در دسته بهداشت دهان و دندان است که برای استفاده روزانه طراحی شده است. بسته‌بندی این محصول برای تأمین عمده و فروش در فروشگاه‌ها و داروخانه‌ها مناسب است.,sb-400186105
57,میسویک,Misswake,400142210,6260623304006,خمیر دندان بلیچینگ دانه آبی با اسانس سنسیتیو مینت,بهداشت دهان و دندان,1,3936759.0,3936759.0,4980000.0,20.9,https://raw.githubusercontent.com/omidadlii01/images_png/main/400142210_%D8%AE%D9%85%DB%8C%D8%B1%D8%AF%D9%86%D8%AF%D8%A7%D9%86%20%D8%A8%D9%84%DB%8C%DA%86%DB%8C%D9%86%DA%AF%20%D8%AF%D8%A7%D9%86%D9%87%20%D8%A2%D8%A8%DB%8C%20%D8%A8%D8%A7%20%D8%A7%D8%B3%D8%A7%D9%86%D8%B3%20%D8%B3%D9%86%D8%B3%DB%8C%D8%AA%DB%8C%D9%88%20%D9%85%DB%8C%D9%86%D8%AA%20%D9%85%DB%8C%D8%B3%D9%88%DB%8C%DA%A9.png,خمیر دندان بلیچینگ دانه آبی با اسانس سنسیتیو مینت از برند میسویک، محصولی باکیفیت در دسته بهداشت دهان و دندان است که برای استفاده روزانه طراحی شده است. بسته‌بندی این محصول برای تأمین عمده و فروش در فروشگاه‌ها و داروخانه‌ها مناسب است.,sb-400142210
58,میسویک,Misswake,400142211,6260623304563,خمیر دندان ضد زردی 75 میل میسویک,بهداشت دهان و دندان,1,3620553.0,3620553.0,4580000.0,20.9,https://raw.githubusercontent.com/omidadlii01/images_png/main/400142211_%D8%AE%D9%85%DB%8C%D8%B1%D8%AF%D9%86%D8%AF%D8%A7%D9%86%20%D8%B6%D8%AF%20%D8%B2%D8%B1%D8%AF%DB%8C%2075%20%D9%85%DB%8C%D9%84%20%D9%85%DB%8C%D8%B3%D9%88%DB%8C%DA%A9.png,خمیر دندان ضد زردی 75 میل میسویک از برند میسویک، محصولی باکیفیت در دسته بهداشت دهان و دندان است که برای استفاده روزانه طراحی شده است. بسته‌بندی این محصول برای تأمین عمده و فروش در فروشگاه‌ها و داروخانه‌ها مناسب است.,sb-400142211
59,میسویک,Misswake,400142209,6260623302552,خمیردندان توتال 12 کاره 75 میل میسویک,بهداشت دهان و دندان,1,2988142.0,2988142.0,3780000.0,20.9,https://raw.githubusercontent.com/omidadlii01/images_png/main/400142209_%D8%AE%D9%85%DB%8C%D8%B1%D8%AF%D9%86%D8%AF%D8%A7%D9%86%20%D8%AA%D9%88%D8%AA%D8%A7%D9%84%20%DB%B1%DB%B2%20%DA%A9%D8%A7%D8%B1%D9%87%20%DB%B7%DB%B5%20%D9%85%DB%8C%D9%84%20%D9%85%DB%8C%D8%B3%D9%88%DB%8C%DA%A9.png,خمیردندان توتال 12 کاره 75 میل میسویک از برند میسویک، محصولی باکیفیت در دسته بهداشت دهان و دندان است که برای استفاده روزانه طراحی شده است. بسته‌بندی این محصول برای تأمین عمده و فروش در فروشگاه‌ها و داروخانه‌ها مناسب است.,sb-400142209
60,میسویک,Misswake,400142201,6260623339237,خمیردندان توتال 75 میل میسویک,بهداشت دهان و دندان,1,2988142.0,2988142.0,3780000.0,20.9,https://raw.githubusercontent.com/omidadlii01/images_png/main/400142201_%D8%AE%D9%85%DB%8C%D8%B1%20%D8%AF%D9%86%D8%AF%D8%A7%D9%86%20%D9%85%DB%8C%D8%B3%D9%88%DB%8C%DA%A9%20%D9%85%D8%AF%D9%84%20Total%208%20%D8%AD%D8%AC%D9%85%2075%20%D9%85%DB%8C%D9%84%DB%8C%20%D9%84%DB%8C%D8%AA%D8%B1.png,خمیردندان توتال 75 میل میسویک از برند میسویک، محصولی باکیفیت در دسته بهداشت دهان و دندان است که برای استفاده روزانه طراحی شده است. بسته‌بندی این محصول برای تأمین عمده و فروش در فروشگاه‌ها و داروخانه‌ها مناسب است.,sb-400142201
61,میسویک,Misswake,400142101,6260623332627,خمیردندان توتال میسویک,بهداشت دهان و دندان,1,3620553.0,3620553.0,4580000.0,20.9,https://raw.githubusercontent.com/omidadlii01/images_png/main/400142101_%D8%AE%D9%85%DB%8C%D8%B1%20%D8%AF%D9%86%D8%AF%D8%A7%D9%86%20%D9%85%DB%8C%D8%B3%D9%88%DB%8C%DA%A9%20%D9%85%D8%AF%D9%84%20Total%208%20%D8%AD%D8%AC%D9%85%20100%20%D9%85%DB%8C%D9%84%DB%8C%20%D9%84%DB%8C%D8%AA%D8%B1.png,خمیردندان توتال میسویک از برند میسویک، محصولی باکیفیت در دسته بهداشت دهان و دندان است که برای استفاده روزانه طراحی شده است. بسته‌بندی این محصول برای تأمین عمده و فروش در فروشگاه‌ها و داروخانه‌ها مناسب است.,sb-400142101
62,میسویک,Misswake,400142203,6260623338940,خمیردندان روزانه 75 میل میسویک,بهداشت دهان و دندان,1,2988142.0,2988142.0,3780000.0,20.9,https://raw.githubusercontent.com/omidadlii01/images_png/main/400142203_%D8%AE%D9%85%DB%8C%D8%B1%20%D8%AF%D9%86%D8%AF%D8%A7%D9%86%20%D9%85%DB%8C%D8%B3%D9%88%DB%8C%DA%A9%20%D9%85%D8%AF%D9%84%20Daily%20Whitening%20%D8%AD%D8%AC%D9%85%2075%20%D9%85%DB%8C%D9%84%DB%8C%20%D9%84%DB%8C%D8%AA%D8%B1.png,خمیردندان روزانه 75 میل میسویک از برند میسویک، محصولی باکیفیت در دسته بهداشت دهان و دندان است که برای استفاده روزانه طراحی شده است. بسته‌بندی این محصول برای تأمین عمده و فروش در فروشگاه‌ها و داروخانه‌ها مناسب است.,sb-400142203
63,میسویک,Misswake,400142202,6260623338957,خمیردندان زیرو ضد حساسیت 75 میل میسویک,بهداشت دهان و دندان,1,2988142.0,2988142.0,3780000.0,20.9,https://raw.githubusercontent.com/omidadlii01/images_png/main/400142202_%D8%AE%D9%85%DB%8C%D8%B1%20%D8%AF%D9%86%D8%AF%D8%A7%D9%86%20%D9%85%DB%8C%D8%B3%D9%88%DB%8C%DA%A9%20%D9%85%D8%AF%D9%84%20ZERO%20SENSITIVE%20%D8%AD%D8%AC%D9%85%2075%20%D9%85%DB%8C%D9%84%DB%8C%20%D9%84%DB%8C%D8%AA%D8%B1.png,خمیردندان زیرو ضد حساسیت 75 میل میسویک از برند میسویک، محصولی باکیفیت در دسته بهداشت دهان و دندان است که برای استفاده روزانه طراحی شده است. بسته‌بندی این محصول برای تأمین عمده و فروش در فروشگاه‌ها و داروخانه‌ها مناسب است.,sb-400142202
64,میسویک,Misswake,400142102,6260623332610,خمیردندان زیرو ضد حساسیت میسویک,بهداشت دهان و دندان,1,3620553.0,3620553.0,4580000.0,20.9,https://raw.githubusercontent.com/omidadlii01/images_png/main/400142102_%D8%AE%D9%85%DB%8C%D8%B1%20%D8%AF%D9%86%D8%AF%D8%A7%D9%86%20%D8%B2%DB%8C%D8%B1%D9%88%20%D9%88%20%D8%B6%D8%AF%20%D8%AD%D8%B3%D8%A7%D8%B3%DB%8C%D8%AA%20100%20%D9%85%DB%8C%D9%84%20%D9%85%DB%8C%D8%B3%D9%88%DB%8C%DA%A9.png,خمیردندان زیرو ضد حساسیت میسویک از برند میسویک، محصولی باکیفیت در دسته بهداشت دهان و دندان است که برای استفاده روزانه طراحی شده است. بسته‌بندی این محصول برای تأمین عمده و فروش در فروشگاه‌ها و داروخانه‌ها مناسب است.,sb-400142102
65,میسویک,Misswake,400142199,6260623332887,خمیردندان سفید کننده 5 دقیقه ای میسویک,بهداشت دهان و دندان,1,2553360.0,2553360.0,3230000.0,20.9,https://raw.githubusercontent.com/omidadlii01/images_png/main/400142199_%D8%AE%D9%85%DB%8C%D8%B1%20%D8%AF%D9%86%D8%AF%D8%A7%D9%86%20%D8%B3%D9%81%DB%8C%D8%AF%20%DA%A9%D9%86%D9%86%D8%AF%D9%87%20%D9%85%DB%8C%D8%B3%D9%88%DB%8C%DA%A9%20%D9%85%D8%AF%D9%84%20Just%20In%205%20Minutes%20%D8%AD%D8%AC%D9%85%2050%20%D9%85%DB%8C%D9%84.png,خمیردندان سفید کننده 5 دقیقه ای میسویک از برند میسویک، محصولی باکیفیت در دسته بهداشت دهان و دندان است که برای استفاده روزانه طراحی شده است. بسته‌بندی این محصول برای تأمین عمده و فروش در فروشگاه‌ها و داروخانه‌ها مناسب است.,sb-400142199
66,میسویک,Misswake,400142103,6260623332634,خمیردندان سفید کننده روزانه میسویک,بهداشت دهان و دندان,1,3620553.0,3620553.0,4580000.0,20.9,https://raw.githubusercontent.com/omidadlii01/images_png/main/400142103_%D8%AE%D9%85%DB%8C%D8%B1%20%D8%AF%D9%86%D8%AF%D8%A7%D9%86%20%D8%B3%D9%81%DB%8C%D8%AF%20%DA%A9%D9%86%D9%86%D8%AF%D9%87%20%D8%B1%D9%88%D8%B2%D8%A7%D9%86%D9%87%20%D9%85%DB%8C%D8%B3%D9%88%DB%8C%DA%A9%20%D8%AD%D8%AC%D9%85%20100%20%D9%85%DB%8C%D9%84%DB%8C%20%D9%84%DB%8C%D8%AA%D8%B1.png,خمیردندان سفید کننده روزانه میسویک از برند میسویک، محصولی باکیفیت در دسته بهداشت دهان و دندان است که برای استفاده روزانه طراحی شده است. بسته‌بندی این محصول برای تأمین عمده و فروش در فروشگاه‌ها و داروخانه‌ها مناسب است.,sb-400142103
67,میسویک,Misswake,400142208,6260623300831,خمیردندان مخصوص دندان لمینیتی 75 میل میسویک,بهداشت دهان و دندان,1,3620553.0,3620553.0,4580000.0,20.9,https://raw.githubusercontent.com/omidadlii01/images_png/main/400142208_%D8%AE%D9%85%DB%8C%D8%B1%D8%AF%D9%86%D8%AF%D8%A7%D9%86%20%D9%85%D8%AE%D8%B5%D9%88%D8%B5%20%D8%AF%D9%86%D8%AF%D8%A7%D9%86%20%D9%84%D9%85%DB%8C%D9%86%DB%8C%D8%AA%20%D9%88%20%DA%A9%D8%A7%D9%85%D9%BE%D9%88%D8%B2%DB%8C%D8%AA%20%DB%B7%DB%B5%20%D9%85%DB%8C%D9%84%DB%8C%20%D9%85%DB%8C%D8%B3%D9%88%DB%8C%DA%A9.png,خمیردندان مخصوص دندان لمینیتی 75 میل میسویک از برند میسویک، محصولی باکیفیت در دسته بهداشت دهان و دندان است که برای استفاده روزانه طراحی شده است. بسته‌بندی این محصول برای تأمین عمده و فروش در فروشگاه‌ها و داروخانه‌ها مناسب است.,sb-400142208
68,میسویک,Misswake,400147103,6260623334423,خمیردندان کودک آدم برفی میسویک,مراقبت از کودک,1,1881423.0,1881423.0,2380000.0,20.9,https://raw.githubusercontent.com/omidadlii01/images_png/main/400147103_%D8%AE%D9%85%D9%8A%D8%B1%D8%AF%D9%86%D8%AF%D8%A7%D9%86%20%DA%A9%D9%88%D8%AF%DA%A9%20%D8%A2%D8%AF%D9%85%20%D8%A8%D8%B1%D9%81%DB%8C%20%D9%85%DB%8C%D8%B3%D9%88%DB%8C%DA%A9%20%D8%AD%D8%AC%D9%85%2050%20%D9%85%DB%8C%D9%84%DB%8C%20%D9%84%DB%8C%D8%AA%D8%B1.png,خمیردندان کودک آدم برفی میسویک از برند میسویک، محصولی باکیفیت در دسته بهداشت دهان و دندان است که برای استفاده روزانه طراحی شده است. بسته‌بندی این محصول برای تأمین عمده و فروش در فروشگاه‌ها و داروخانه‌ها مناسب است.,sb-400147103
69,میسویک,Misswake,400147101,6260623332641,خمیردندان کودک باب اسفنجی میسویک,مراقبت از کودک,1,1881423.0,1881423.0,2380000.0,20.9,https://raw.githubusercontent.com/omidadlii01/images_png/main/400147101_%D8%AE%D9%85%DB%8C%D8%B1%20%D8%AF%D9%86%D8%AF%D8%A7%D9%86%20%DA%A9%D9%88%D8%AF%DA%A9%20%D9%85%DB%8C%D8%B3%D9%88%DB%8C%DA%A9%20%D9%85%D8%AF%D9%84%20Sponge%20Bob%20%D8%AD%D8%AC%D9%85%2050%20%D9%85%DB%8C%D9%84%DB%8C%20%D9%84%DB%8C%D8%AA%D8%B1.png,خمیردندان کودک باب اسفنجی میسویک از برند میسویک، محصولی باکیفیت در دسته بهداشت دهان و دندان است که برای استفاده روزانه طراحی شده است. بسته‌بندی این محصول برای تأمین عمده و فروش در فروشگاه‌ها و داروخانه‌ها مناسب است.,sb-400147101
70,میسویک,Misswake,400147108,6260623334416,خمیردندان کودک دخترانه صورتی لبوبو میسویک,مراقبت از کودک,1,1881423.0,1881423.0,2380000.0,20.9,https://raw.githubusercontent.com/omidadlii01/images_png/main/400147108_%D8%AE%D9%85%DB%8C%D8%B1%D8%AF%D9%86%D8%AF%D8%A7%D9%86%20%DA%A9%D9%88%D8%AF%DA%A9%20%D8%AF%D8%AE%D8%AA%D8%B1%D8%A7%D9%86%D9%87%20%D8%B5%D9%88%D8%B1%D8%AA%DB%8C%20%D9%84%D8%A8%D9%88%D8%A8%D9%88%20%D9%85%DB%8C%D8%B3%D9%88%DB%8C%DA%A9.png,خمیردندان کودک دخترانه صورتی لبوبو میسویک از برند میسویک، محصولی باکیفیت در دسته بهداشت دهان و دندان است که برای استفاده روزانه طراحی شده است. بسته‌بندی این محصول برای تأمین عمده و فروش در فروشگاه‌ها و داروخانه‌ها مناسب است.,sb-400147108
71,میسویک,Misswake,400147107,6260623334423,خمیردندان کودک پسرانه آبی لبوبو میسویک,مراقبت از کودک,1,1881423.0,1881423.0,2380000.0,20.9,https://raw.githubusercontent.com/omidadlii01/images_png/main/400147107_%D8%AE%D9%85%DB%8C%D8%B1%D8%AF%D9%86%D8%AF%D8%A7%D9%86%20%DA%A9%D9%88%D8%AF%DA%A9%20%D9%BE%D8%B3%D8%B1%D8%A7%D9%86%D9%87%20%D8%A2%D8%A8%DB%8C%20%D9%84%D8%A8%D9%88%D8%A8%D9%88%20%D9%85%DB%8C%D8%B3%D9%88%DB%8C%DA%A9.png,خمیردندان کودک پسرانه آبی لبوبو میسویک از برند میسویک، محصولی باکیفیت در دسته بهداشت دهان و دندان است که برای استفاده روزانه طراحی شده است. بسته‌بندی این محصول برای تأمین عمده و فروش در فروشگاه‌ها و داروخانه‌ها مناسب است.,sb-400147107
72,میسویک,Misswake,400147106,6260623334430,خمیردندان کودک کفشدوزکی میسویک,مراقبت از کودک,1,1881423.0,1881423.0,2380000.0,20.9,https://raw.githubusercontent.com/omidadlii01/images_png/main/400147106_%D8%AE%D9%85%DB%8C%D8%B1%D8%AF%D9%86%D8%AF%D8%A7%D9%86%20%DA%A9%D9%88%D8%AF%DA%A9%20%DA%A9%D9%81%D8%B4%D8%AF%D9%88%D8%B2%DA%A9%DB%8C%20%D9%85%DB%8C%D8%B3%D9%88%DB%8C%DA%A9.png,خمیردندان کودک کفشدوزکی میسویک از برند میسویک، محصولی باکیفیت در دسته بهداشت دهان و دندان است که برای استفاده روزانه طراحی شده است. بسته‌بندی این محصول برای تأمین عمده و فروش در فروشگاه‌ها و داروخانه‌ها مناسب است.,sb-400147106
73,میسویک,Misswake,400147102,6260623332658,خمیردندان کودک کیتی میسویک,مراقبت از کودک,1,1881423.0,1881423.0,2380000.0,20.9,https://raw.githubusercontent.com/omidadlii01/images_png/main/400147102_%D8%AE%D9%85%DB%8C%D8%B1%20%D8%AF%D9%86%D8%AF%D8%A7%D9%86%20%DA%A9%D9%88%D8%AF%DA%A9%20%D9%85%DB%8C%D8%B3%D9%88%DB%8C%DA%A9%20%D9%85%D8%AF%D9%84%20Kitty%20%D8%AD%D8%AC%D9%85%2050%20%D9%85%DB%8C%D9%84%DB%8C%20%D9%84%DB%8C%D8%AA%D8%B1.png,خمیردندان کودک کیتی میسویک از برند میسویک، محصولی باکیفیت در دسته بهداشت دهان و دندان است که برای استفاده روزانه طراحی شده است. بسته‌بندی این محصول برای تأمین عمده و فروش در فروشگاه‌ها و داروخانه‌ها مناسب است.,sb-400147102
74,میسویک,Misswake,400142205,6260623300442,خمیردندان گیاهی بدون فلورایید 75 میل میسویک,بهداشت دهان و دندان,1,2988142.0,2988142.0,3780000.0,20.9,https://raw.githubusercontent.com/omidadlii01/images_png/main/400142205_%D8%AE%D9%85%D9%8A%D8%B1%D8%AF%D9%86%D8%AF%D8%A7%D9%86%20%DA%AF%D9%8A%D8%A7%D9%87%DB%8C%20%D8%A8%D8%AF%D9%88%D9%86%20%D9%81%D9%84%D9%88%D8%B1%D8%A7%D9%8A%D8%AF%2075%20%D9%85%DB%8C%D9%84%20%D9%85%D9%8A%D8%B3%D9%88%D9%8A%DA%A9.png,خمیردندان گیاهی بدون فلورایید 75 میل میسویک از برند میسویک، محصولی باکیفیت در دسته بهداشت دهان و دندان است که برای استفاده روزانه طراحی شده است. بسته‌بندی این محصول برای تأمین عمده و فروش در فروشگاه‌ها و داروخانه‌ها مناسب است.,sb-400142205
75,میسویک,Misswake,400166203,6260623341919,دهان شویه آنتی پلاک 200 میل میسویک,بهداشت دهان و دندان,1,2513834.0,2513834.0,3180000.0,20.9,https://raw.githubusercontent.com/omidadlii01/images_png/main/400166203_%D8%AF%D9%87%D8%A7%D9%86%20%D8%B4%D9%88%DB%8C%D9%87%20%D9%85%DB%8C%D8%B3%D9%88%DB%8C%DA%A9%20%D9%85%D8%AF%D9%84%20Dental%20Plaque%20%D8%AD%D8%AC%D9%85%20200%20%D9%85%DB%8C%D9%84%20%D9%84%DB%8C%D8%AA%D8%B1.png,دهان شویه آنتی پلاک 200 میل میسویک از برند میسویک، محصولی باکیفیت در دسته بهداشت دهان و دندان است که برای استفاده روزانه طراحی شده است. بسته‌بندی این محصول برای تأمین عمده و فروش در فروشگاه‌ها و داروخانه‌ها مناسب است.,sb-400166203
76,میسویک,Misswake,400166103,6260623333747,دهان شویه آنتی پلاک میسویک,بهداشت دهان و دندان,1,3462451.0,3462451.0,4380000.0,20.9,https://raw.githubusercontent.com/omidadlii01/images_png/main/400166103_%D8%AF%D9%87%D8%A7%D9%86%20%D8%B4%D9%88%DB%8C%D9%87%20%D9%85%DB%8C%D8%B3%D9%88%DB%8C%DA%A9%20Dental%20Plaque%20%D8%AD%D8%AC%D9%85%20400%20%D9%85%DB%8C%D9%84%20%D9%84%DB%8C%D8%AA%D8%B1.png,دهان شویه آنتی پلاک میسویک از برند میسویک، محصولی باکیفیت در دسته بهداشت دهان و دندان است که برای استفاده روزانه طراحی شده است. بسته‌بندی این محصول برای تأمین عمده و فروش در فروشگاه‌ها و داروخانه‌ها مناسب است.,sb-400166103
77,میسویک,Misswake,400166201,6260623341902,دهان شویه توتال 200 میل میسویک,بهداشت دهان و دندان,1,1723320.0,1723320.0,2180000.0,20.9,https://raw.githubusercontent.com/omidadlii01/images_png/main/400166201_%D8%AF%D9%87%D8%A7%D9%86%20%D8%B4%D9%88%DB%8C%D9%87%20%D9%85%DB%8C%D8%B3%D9%88%DB%8C%DA%A9%20%D9%85%D8%AF%D9%84%20Total%20Care%20%D8%AD%D8%AC%D9%85%20200%20%D9%85%DB%8C%D9%84%20%D9%84%DB%8C%D8%AA%D8%B1.png,دهان شویه توتال 200 میل میسویک از برند میسویک، محصولی باکیفیت در دسته بهداشت دهان و دندان است که برای استفاده روزانه طراحی شده است. بسته‌بندی این محصول برای تأمین عمده و فروش در فروشگاه‌ها و داروخانه‌ها مناسب است.,sb-400166201
78,میسویک,Misswake,400166101,6260623333730,دهان شویه توتال میسویک,بهداشت دهان و دندان,1,3462451.0,3462451.0,4380000.0,20.9,https://raw.githubusercontent.com/omidadlii01/images_png/main/400166101_%D8%AF%D9%87%D8%A7%D9%86%20%D8%B4%D9%88%DB%8C%D9%87%20%D9%85%DB%8C%D8%B3%D9%88%DB%8C%DA%A9%20%D9%85%D8%AF%D9%84%20Total%20Care%20%D8%AD%D8%AC%D9%85%20400%20%D9%85%DB%8C%D9%84%20%D9%84%DB%8C%D8%AA%D8%B1.png,دهان شویه توتال میسویک از برند میسویک، محصولی باکیفیت در دسته بهداشت دهان و دندان است که برای استفاده روزانه طراحی شده است. بسته‌بندی این محصول برای تأمین عمده و فروش در فروشگاه‌ها و داروخانه‌ها مناسب است.,sb-400166101
79,میسویک,Misswake,400166202,6260623341896,دهان شویه حساس 200 میل میسویک,بهداشت دهان و دندان,1,2513834.0,2513834.0,3180000.0,20.9,https://raw.githubusercontent.com/omidadlii01/images_png/main/400166202_%D8%AF%D9%87%D8%A7%D9%86%20%D8%B4%D9%88%DB%8C%D9%87%20%D9%85%DB%8C%D8%B3%D9%88%DB%8C%DA%A9%20%D9%85%D8%AF%D9%84%20Sensitive%20%D8%AD%D8%AC%D9%85%20200%20%D9%85%DB%8C%D9%84%DB%8C%20%D9%84%DB%8C%D8%AA%D8%B1.png,دهان شویه حساس 200 میل میسویک از برند میسویک، محصولی باکیفیت در دسته بهداشت دهان و دندان است که برای استفاده روزانه طراحی شده است. بسته‌بندی این محصول برای تأمین عمده و فروش در فروشگاه‌ها و داروخانه‌ها مناسب است.,sb-400166202
80,میسویک,Misswake,400166102,6260623333723,دهان شویه حساس میسویک,بهداشت دهان و دندان,1,3462451.0,3462451.0,4380000.0,20.9,https://raw.githubusercontent.com/omidadlii01/images_png/main/400166102_%D8%AF%D9%87%D8%A7%D9%86%20%D8%B4%D9%88%DB%8C%D9%87%20%D9%85%DB%8C%D8%B3%D9%88%DB%8C%DA%A9%20%D9%85%D8%AF%D9%84%20Sensitive%20%D8%AD%D8%AC%D9%85%20400%20%D9%85%DB%8C%D9%84%DB%8C%20%D9%84%DB%8C%D8%AA%D8%B1.png,دهان شویه حساس میسویک از برند میسویک، محصولی باکیفیت در دسته بهداشت دهان و دندان است که برای استفاده روزانه طراحی شده است. بسته‌بندی این محصول برای تأمین عمده و فروش در فروشگاه‌ها و داروخانه‌ها مناسب است.,sb-400166102
81,میسویک,Misswake,400166105,6260623342916,دهان شویه خوشبو کننده میسویک,بهداشت دهان و دندان,1,3462451.0,3462451.0,4380000.0,20.9,https://raw.githubusercontent.com/omidadlii01/images_png/main/400166105_%D8%AF%D9%87%D8%A7%D9%86%20%D8%B4%D9%88%DB%8C%D9%87%20%D8%AE%D9%88%D8%B4%D8%A8%D9%88%DA%A9%D9%86%D9%86%D8%AF%D9%87%20%D9%85%DB%8C%D8%B3%D9%88%DB%8C%DA%A9.png,دهان شویه خوشبو کننده میسویک از برند میسویک، محصولی باکیفیت در دسته بهداشت دهان و دندان است که برای استفاده روزانه طراحی شده است. بسته‌بندی این محصول برای تأمین عمده و فروش در فروشگاه‌ها و داروخانه‌ها مناسب است.,sb-400166105
82,میسویک,Misswake,400166107,6260623304303,دهان شویه لمینیتی کامپوزیت 400 میل میسویک,بهداشت دهان و دندان,1,3462451.0,3462451.0,4380000.0,20.9,https://raw.githubusercontent.com/omidadlii01/images_png/main/400166107_%D8%AF%D9%87%D8%A7%D9%86%20%D8%B4%D9%88%DB%8C%D9%87%20%20%D9%84%D9%85%DB%8C%D9%86%DB%8C%D8%AA%DB%8C%20%DA%A9%D8%A7%D9%85%D9%BE%D9%88%D8%B2%DB%8C%D8%AA%20400%20%D9%85%DB%8C%D9%84%20%D9%85%DB%8C%D8%B3%D9%88%DB%8C%DA%A9.png,دهان شویه لمینیتی کامپوزیت 400 میل میسویک از برند میسویک، محصولی باکیفیت در دسته بهداشت دهان و دندان است که برای استفاده روزانه طراحی شده است. بسته‌بندی این محصول برای تأمین عمده و فروش در فروشگاه‌ها و داروخانه‌ها مناسب است.,sb-400166107
83,میسویک,Misswake,400166207,6260623300473,دهان شویه کلروهگزدین 200 میل میسویک,بهداشت دهان و دندان,1,2988142.0,2988142.0,3780000.0,20.9,https://raw.githubusercontent.com/omidadlii01/images_png/main/400166207_%D8%AF%D9%87%D8%A7%D9%86%D8%B4%D9%88%DB%8C%D9%87%20%DA%A9%D9%84%D8%B1%D9%88%D9%87%DA%AF%D8%B2%DB%8C%D8%AF%DB%8C%D9%86%20200%20%D9%85%DB%8C%D9%84%20%D9%85%DB%8C%D8%B3%D9%88%DB%8C%DA%A9.png,دهان شویه کلروهگزدین 200 میل میسویک از برند میسویک، محصولی باکیفیت در دسته بهداشت دهان و دندان است که برای استفاده روزانه طراحی شده است. بسته‌بندی این محصول برای تأمین عمده و فروش در فروشگاه‌ها و داروخانه‌ها مناسب است.,sb-400166207
84,میسویک,Misswake,400171101,6260623341865,دهان شویه کودک پسرانه سگ نگهبان میسویک,مراقبت از کودک,1,1162055.0,1162055.0,1470000.0,20.9,https://raw.githubusercontent.com/omidadlii01/images_png/main/400171101_%D8%AF%D9%87%D8%A7%D9%86%20%D8%B4%D9%88%DB%8C%D9%87%20%DA%A9%D9%88%D8%AF%DA%A9%20%D9%BE%D8%B3%D8%B1%D8%A7%D9%86%D9%87%20%D9%85%DB%8C%D8%B3%D9%88%DB%8C%DA%A9%20%D9%85%D8%AF%D9%84%20%D8%B3%DA%AF%20%D9%86%DA%AF%D9%87%D8%A8%D8%A7%D9%86.png,دهان شویه کودک پسرانه سگ نگهبان میسویک از برند میسویک، محصولی باکیفیت در دسته بهداشت دهان و دندان است که برای استفاده روزانه طراحی شده است. بسته‌بندی این محصول برای تأمین عمده و فروش در فروشگاه‌ها و داروخانه‌ها مناسب است.,sb-400171101
85,میسویک,Misswake,400166104,6260623342923,دهان شویه گیاهی میسویک,بهداشت دهان و دندان,1,3462451.0,3462451.0,4380000.0,20.9,https://raw.githubusercontent.com/omidadlii01/images_png/main/400166104_%D8%AF%D9%87%D8%A7%D9%86%20%D8%B4%D9%88%DB%8C%D9%87%20%DA%AF%DB%8C%D8%A7%D9%87%DB%8C%20%D9%85%DB%8C%D8%B3%D9%88%DB%8C%DA%A9.png,دهان شویه گیاهی میسویک از برند میسویک، محصولی باکیفیت در دسته بهداشت دهان و دندان است که برای استفاده روزانه طراحی شده است. بسته‌بندی این محصول برای تأمین عمده و فروش در فروشگاه‌ها و داروخانه‌ها مناسب است.,sb-400166104
86,میسویک,Misswake,400166106,6260623304297,دهانشویه توتال زایلیتول 400 میل میسویک,بهداشت دهان و دندان,1,3462451.0,3462451.0,4380000.0,20.9,https://raw.githubusercontent.com/omidadlii01/images_png/main/400166106_%D8%AF%D9%87%D8%A7%D9%86%D8%B4%D9%88%DB%8C%D9%87%20%D8%AA%D9%88%D8%AA%D8%A7%D9%84%20%D8%B2%D8%A7%DB%8C%D9%84%DB%8C%D8%AA%D9%88%D9%84%20400%20%D9%85%DB%8C%D9%84%20%D9%85%DB%8C%D8%B3%D9%88%DB%8C%DA%A9.png,دهانشویه توتال زایلیتول 400 میل میسویک از برند میسویک، محصولی باکیفیت در دسته بهداشت دهان و دندان است که برای استفاده روزانه طراحی شده است. بسته‌بندی این محصول برای تأمین عمده و فروش در فروشگاه‌ها و داروخانه‌ها مناسب است.,sb-400166106
87,میسویک,Misswake,400171103,6260623341858,دهانشویه کودک دخترانه صورتی لبوبو میسویک,مراقبت از کودک,1,1723320.0,1723320.0,2180000.0,20.9,https://raw.githubusercontent.com/omidadlii01/images_png/main/400171103_%D8%AF%D9%87%D8%A7%D9%86%D8%B4%D9%88%DB%8C%D9%87%20%DA%A9%D9%88%D8%AF%DA%A9%20%D8%AF%D8%AE%D8%AA%D8%B1%D8%A7%D9%86%D9%87%20%D8%B5%D9%88%D8%B1%D8%AA%DB%8C%20%D9%84%D8%A8%D9%88%D8%A8%D9%88%20%D9%85%DB%8C%D8%B3%D9%88%DB%8C%DA%A9.png,دهانشویه کودک دخترانه صورتی لبوبو میسویک از برند میسویک، محصولی باکیفیت در دسته بهداشت دهان و دندان است که برای استفاده روزانه طراحی شده است. بسته‌بندی این محصول برای تأمین عمده و فروش در فروشگاه‌ها و داروخانه‌ها مناسب است.,sb-400171103
88,میسویک,Misswake,400171104,6260623341865,دهانشویه کودک پسرانه آبی لبوبو میسویک,مراقبت از کودک,1,2355731.0,2355731.0,2980000.0,20.9,https://raw.githubusercontent.com/omidadlii01/images_png/main/400171104_%D8%AF%D9%87%D8%A7%D9%86%D8%B4%D9%88%DB%8C%D9%87%20%DA%A9%D9%88%D8%AF%DA%A9%20%D9%BE%D8%B3%D8%B1%D8%A7%D9%86%D9%87%20%D8%A2%D8%A8%DB%8C%20%D9%84%D8%A8%D9%88%D8%A8%D9%88%20%D9%85%DB%8C%D8%B3%D9%88%DB%8C%DA%A9.png,دهانشویه کودک پسرانه آبی لبوبو میسویک از برند میسویک، محصولی باکیفیت در دسته بهداشت دهان و دندان است که برای استفاده روزانه طراحی شده است. بسته‌بندی این محصول برای تأمین عمده و فروش در فروشگاه‌ها و داروخانه‌ها مناسب است.,sb-400171104
89,میسویک,Misswake,400181101,6260623335857,نخ دندان توتال میسویک,بهداشت دهان و دندان,1,2355731.0,2355731.0,2980000.0,20.9,https://raw.githubusercontent.com/omidadlii01/images_png/main/400181101_%D9%86%D8%AE%20%D8%AF%D9%86%D8%AF%D8%A7%D9%86%20%D9%85%DB%8C%D8%B3%D9%88%DB%8C%DA%A9%20%D9%85%D8%AF%D9%84%20TOTAL%20CARE%208.png,نخ دندان توتال میسویک از برند میسویک، محصولی باکیفیت در دسته بهداشت دهان و دندان است که برای استفاده روزانه طراحی شده است. بسته‌بندی این محصول برای تأمین عمده و فروش در فروشگاه‌ها و داروخانه‌ها مناسب است.,sb-400181101
90,میسویک,Misswake,400181103,6260623335864,نخ دندان سفید کننده میسویک,بهداشت دهان و دندان,1,2355731.0,2355731.0,2980000.0,20.9,https://raw.githubusercontent.com/omidadlii01/images_png/main/400181103_%D9%86%D8%AE%20%D8%AF%D9%86%D8%AF%D8%A7%D9%86%20%D9%85%DB%8C%D8%B3%D9%88%DB%8C%DA%A9%20%D9%85%D8%AF%D9%84%20%D8%B3%D9%81%DB%8C%D8%AF%DA%A9%D9%86%D9%86%D8%AF%D9%87%20Whitening.png,نخ دندان سفید کننده میسویک از برند میسویک، محصولی باکیفیت در دسته بهداشت دهان و دندان است که برای استفاده روزانه طراحی شده است. بسته‌بندی این محصول برای تأمین عمده و فروش در فروشگاه‌ها و داروخانه‌ها مناسب است.,sb-400181103
91,میسویک,Misswake,400181102,6260623335390,نخ دندان ضد حساسیت میسویک,بهداشت دهان و دندان,1,2355731.0,2355731.0,2980000.0,20.9,https://raw.githubusercontent.com/omidadlii01/images_png/main/400181102_%D9%86%D8%AE%20%D8%AF%D9%86%D8%AF%D8%A7%D9%86%20%D9%85%DB%8C%D8%B3%D9%88%DB%8C%DA%A9%20%D9%85%D8%AF%D9%84%20%D8%B6%D8%AF%20%D8%AD%D8%B3%D8%A7%D8%B3%DB%8C%D8%AA%20Pro%20Sense.png,نخ دندان ضد حساسیت میسویک از برند میسویک، محصولی باکیفیت در دسته بهداشت دهان و دندان است که برای استفاده روزانه طراحی شده است. بسته‌بندی این محصول برای تأمین عمده و فروش در فروشگاه‌ها و داروخانه‌ها مناسب است.,sb-400181102
92,کدکس,Kodex,600621102,6260623339350,اسپری تاخیری کدکس 12 عددی حساس,بهداشت و مراقبت‌های جنسی,1,3527273.0,3527273.0,0,,https://raw.githubusercontent.com/omidadlii01/images_png/main/600621102_%D8%A7%D8%B3%D9%BE%D8%B1%DB%8C%20%D8%AA%D8%A7%D8%AE%DB%8C%D8%B1%DB%8C%20%D8%AD%D8%B3%D8%A7%D8%B3%20%DA%A9%D8%AF%DA%A9%D8%B3%2065%20%D9%85%DB%8C%D9%84%DB%8C%E2%80%8C%D9%84%DB%8C%D8%AA%D8%B1.png,اسپری تاخیری کدکس 12 عددی حساس از برند کدکس، محصولی باکیفیت در دسته بهداشت زناشویی است که برای استفاده روزانه طراحی شده است. بسته‌بندی این محصول برای تأمین عمده و فروش در فروشگاه‌ها و داروخانه‌ها مناسب است.,sb-600621102
93,کدکس,Kodex,600621101,6260623339336,اسپری تاخیری کدکس 12 عددی دابل دیلی,بهداشت و مراقبت‌های جنسی,1,3527273.0,3527273.0,0,,https://raw.githubusercontent.com/omidadlii01/images_png/main/600621101_%D8%A7%D8%B3%D9%BE%D8%B1%DB%8C%20%D8%AA%D8%A7%D8%AE%DB%8C%D8%B1%DB%8C%20%D8%AF%D8%A7%D8%A8%D9%84%20%D8%AF%DB%8C%D9%84%DB%8C%20%DA%A9%D8%AF%DA%A9%D8%B3%2065%20%D9%85%DB%8C%D9%84%DB%8C%E2%80%8C%D9%84%DB%8C%D8%AA%D8%B1.png,اسپری تاخیری کدکس 12 عددی دابل دیلی از برند کدکس، محصولی باکیفیت در دسته بهداشت زناشویی است که برای استفاده روزانه طراحی شده است. بسته‌بندی این محصول برای تأمین عمده و فروش در فروشگاه‌ها و داروخانه‌ها مناسب است.,sb-600621101
94,کدکس,Kodex,600622301,6263331100298,ژل لوبریکنت 90 میل تیوپی آلوورا کدکس,بهداشت و مراقبت‌های جنسی,1,3527273.0,3527273.0,0,,https://raw.githubusercontent.com/omidadlii01/images_png/main/600622301_%DA%98%D9%84%20%D9%84%D9%88%D8%A8%D8%B1%DB%8C%DA%A9%D9%86%D8%AA%2090%20%D9%85%DB%8C%D9%84%20%D8%AA%DB%8C%D9%88%D9%BE%DB%8C%20%D8%A2%D9%84%D9%88%D8%A6%D9%87%20%D9%88%D8%B1%D8%A7%20%DA%A9%D8%AF%DA%A9%D8%B3.png,ژل کدکس با بافتی سبک، تمیزکنندگی و مراقبت مناسبی برای استفاده روزانه فراهم می‌کند. بسته‌بندی این محصول برای تأمین عمده و فروش در فروشگاه‌ها و داروخانه‌ها مناسب است.,sb-600622301
95,کدکس,Kodex,600622203,6263331100045,ژل لوبریکنت اناری کدکس,بهداشت و مراقبت‌های جنسی,1,3527273.0,3527273.0,0,,https://raw.githubusercontent.com/omidadlii01/images_png/main/600622203_%DA%98%D9%84%20%D9%84%D9%88%D8%A8%D8%B1%DB%8C%DA%A9%D9%86%D8%AA%20%D8%A7%D9%86%D8%A7%D8%B1%DB%8C%20%DA%A9%D8%AF%DA%A9%D8%B3.png,ژل کدکس با بافتی سبک، تمیزکنندگی و مراقبت مناسبی برای استفاده روزانه فراهم می‌کند. بسته‌بندی این محصول برای تأمین عمده و فروش در فروشگاه‌ها و داروخانه‌ها مناسب است.,sb-600622203
96,کدکس,Kodex,600622202,6263331112284,ژل لوبریکنت مکس تایم استاپ کدکس,بهداشت و مراقبت‌های جنسی,1,3527273.0,3527273.0,0,,https://raw.githubusercontent.com/omidadlii01/images_png/main/600622202_%DA%98%D9%84%20%D8%B1%D9%88%D8%A7%D9%86%20%DA%A9%D9%86%D9%86%D8%AF%D9%87%20%D9%88%20%D8%AA%D8%A7%D8%AE%DB%8C%D8%B1%DB%8C%20%D8%AE%D9%86%DA%A9%20%DA%A9%D8%AF%DA%A9%D8%B3.png,ژل کدکس با بافتی سبک، تمیزکنندگی و مراقبت مناسبی برای استفاده روزانه فراهم می‌کند. بسته‌بندی این محصول برای تأمین عمده و فروش در فروشگاه‌ها و داروخانه‌ها مناسب است.,sb-600622202
97,کدکس,Kodex,600622103,6260623339268,ژل نرم کننده توت فرنگی کدکس,بهداشت و مراقبت‌های جنسی,1,3527273.0,3527273.0,0,,https://raw.githubusercontent.com/omidadlii01/images_png/main/600622103_%DA%98%D9%84%20%D8%A2%D9%85%DB%8C%D8%B2%D8%B4%DB%8C%20%D8%B1%D9%88%D8%A7%D9%86%20%DA%A9%D9%86%D9%86%D8%AF%D9%87%20%DA%A9%D8%AF%DA%A9%D8%B3%20%D8%A8%D8%A7%20%D8%B7%D8%B9%D9%85%20%D8%AA%D9%88%D8%AA%20%D9%81%D8%B1%D9%86%DA%AF%DB%8C%20%28%DA%A9%D8%A7%D9%85%D9%84%D8%A7%20%D8%AE%D9%88%D8%B1%D8%AF%D9%86%DB%8C%29.png,ژل کدکس با بافتی سبک، تمیزکنندگی و مراقبت مناسبی برای استفاده روزانه فراهم می‌کند. بسته‌بندی این محصول برای تأمین عمده و فروش در فروشگاه‌ها و داروخانه‌ها مناسب است.,sb-600622103
98,کدکس,Kodex,600622104,6260623338674,ژل نرم کننده حساس کدکس,بهداشت و مراقبت‌های جنسی,1,3527273.0,3527273.0,0,,https://raw.githubusercontent.com/omidadlii01/images_png/main/600622104_%DA%98%D9%84%20%D8%A2%D9%85%DB%8C%D8%B2%D8%B4%DB%8C%20%D8%B1%D9%88%D8%A7%D9%86%20%DA%A9%D9%86%D9%86%D8%AF%D9%87%20%D9%84%D9%88%D8%A8%D8%B1%DB%8C%DA%A9%D8%A7%D9%86%D8%AA%20%D8%AD%D8%B3%D8%A7%D8%B3%20%D8%A2%D9%84%D9%88%D8%A6%D9%87%20%D9%88%D8%B1%D8%A7%20%DA%A9%D8%AF%DA%A9%D8%B3.png,ژل کدکس با بافتی سبک، تمیزکنندگی و مراقبت مناسبی برای استفاده روزانه فراهم می‌کند. بسته‌بندی این محصول برای تأمین عمده و فروش در فروشگاه‌ها و داروخانه‌ها مناسب است.,sb-600622104
99,کدکس,Kodex,600622102,6260623339275,ژل نرم کننده موزی کدکس,بهداشت و مراقبت‌های جنسی,1,3527273.0,3527273.0,0,,https://raw.githubusercontent.com/omidadlii01/images_png/main/600622102_%DA%98%D9%84%20%D8%A2%D9%85%DB%8C%D8%B2%D8%B4%DB%8C%20%D8%B1%D9%88%D8%A7%D9%86%20%DA%A9%D9%86%D9%86%D8%AF%D9%87%20%DA%A9%D8%AF%DA%A9%D8%B3%20%D8%A8%D8%A7%20%D8%B7%D8%B9%D9%85%20%D9%85%D9%88%D8%B2%20%28%DA%A9%D8%A7%D9%85%D9%84%D8%A7%20%D8%AE%D9%88%D8%B1%D8%AF%D9%86%DB%8C%29.png,ژل کدکس با بافتی سبک، تمیزکنندگی و مراقبت مناسبی برای استفاده روزانه فراهم می‌کند. بسته‌بندی این محصول برای تأمین عمده و فروش در فروشگاه‌ها و داروخانه‌ها مناسب است.,sb-600622102
100,کدکس,Kodex,600622101,6260623338667,ژل نرم کننده کلاسیک کدکس,بهداشت و مراقبت‌های جنسی,1,3527273.0,3527273.0,0,,https://raw.githubusercontent.com/omidadlii01/images_png/main/600622101_%DA%98%D9%84%20%D8%A2%D9%85%DB%8C%D8%B2%D8%B4%DB%8C%20%D8%B1%D9%88%D8%A7%D9%86%20%DA%A9%D9%86%D9%86%D8%AF%D9%87%20%D9%84%D9%88%D8%A8%D8%B1%DB%8C%DA%A9%D8%A7%D9%86%D8%AA%20%DA%A9%D9%84%D8%A7%D8%B3%DB%8C%DA%A9%20%DA%A9%D8%AF%DA%A9%D8%B3.png,ژل کدکس با بافتی سبک، تمیزکنندگی و مراقبت مناسبی برای استفاده روزانه فراهم می‌کند. بسته‌بندی این محصول برای تأمین عمده و فروش در فروشگاه‌ها و داروخانه‌ها مناسب است.,sb-600622101
101,کدکس,Kodex,600610111,6263331100519,کاندوم کدکس 10 عددی 03 انار,بهداشت و مراقبت‌های جنسی,1,4400000.0,4400000.0,0,,https://raw.githubusercontent.com/omidadlii01/images_png/main/600610111_%DA%A9%D8%A7%D9%86%D8%AF%D9%88%D9%85%20%DA%A9%D8%AF%DA%A9%D8%B3%2010%20%D8%B9%D8%AF%D8%AF%DB%8C%2003%20%D8%A7%D9%86%D8%A7%D8%B1%DB%8C.png,کاندوم کدکس با استانداردهای کیفی بالا و بسته‌بندی مطمئن، گزینه‌ای ایمن و باکیفیت برای مصرف‌کنندگان است. بسته‌بندی این محصول برای تأمین عمده و فروش در فروشگاه‌ها و داروخانه‌ها مناسب است.,sb-600610111
102,کدکس,Kodex,600610113,6263331100526,کاندوم کدکس 10 عددی 03 هلو,بهداشت و مراقبت‌های جنسی,1,4400000.0,4400000.0,0,,https://raw.githubusercontent.com/omidadlii01/images_png/main/600610113_%DA%A9%D8%A7%D9%86%D8%AF%D9%88%D9%85%20%DA%A9%D8%AF%DA%A9%D8%B3%2010%20%D8%B9%D8%AF%D8%AF%DB%8C%2003%20%D9%87%D9%84%D9%88.png,کاندوم کدکس با استانداردهای کیفی بالا و بسته‌بندی مطمئن، گزینه‌ای ایمن و باکیفیت برای مصرف‌کنندگان است. بسته‌بندی این محصول برای تأمین عمده و فروش در فروشگاه‌ها و داروخانه‌ها مناسب است.,sb-600610113
103,کدکس,Kodex,600610109,6263331100274,کاندوم کدکس 10 عددی اولترا سیف,بهداشت و مراقبت‌های جنسی,1,4400000.0,4400000.0,0,,https://raw.githubusercontent.com/omidadlii01/images_png/main/600610109_%DA%A9%D8%A7%D9%86%D8%AF%D9%88%D9%85%20%DA%A9%D8%AF%DA%A9%D8%B3%2010%20%D8%B9%D8%AF%D8%AF%DB%8C%20%D8%A7%D9%88%D9%84%D8%AA%D8%B1%D8%A7%D8%B3%DB%8C%D9%81.png,کاندوم کدکس با استانداردهای کیفی بالا و بسته‌بندی مطمئن، گزینه‌ای ایمن و باکیفیت برای مصرف‌کنندگان است. بسته‌بندی این محصول برای تأمین عمده و فروش در فروشگاه‌ها و داروخانه‌ها مناسب است.,sb-600610109
104,کدکس,Kodex,600610102,6260623310427,کاندوم کدکس 10 عددی بیگ داتس,بهداشت و مراقبت‌های جنسی,1,4400000.0,4400000.0,0,,https://raw.githubusercontent.com/omidadlii01/images_png/main/600610102_%DA%A9%D8%A7%D9%86%D8%AF%D9%88%D9%85%20%D8%AE%D8%A7%D8%B1%D8%AF%D8%A7%D8%B1%20%D9%86%D8%A7%DA%86%20%DA%A9%D8%AF%DA%A9%D8%B3%20%D9%85%D8%AF%D9%84%20BIG%20DOTS%20%D8%A8%D8%B3%D8%AA%D9%87%2010%20%D8%B9%D8%AF%D8%AF%DB%8C.png,کاندوم کدکس با استانداردهای کیفی بالا و بسته‌بندی مطمئن، گزینه‌ای ایمن و باکیفیت برای مصرف‌کنندگان است. بسته‌بندی این محصول برای تأمین عمده و فروش در فروشگاه‌ها و داروخانه‌ها مناسب است.,sb-600610102
105,کدکس,Kodex,600610101,6260623330364,کاندوم کدکس 10 عددی تاخیری فیزیکی دوبل,بهداشت و مراقبت‌های جنسی,1,4400000.0,4400000.0,0,,https://raw.githubusercontent.com/omidadlii01/images_png/main/600610101_%DA%A9%D8%A7%D9%86%D8%AF%D9%88%D9%85%20%D8%AA%D8%A7%D8%AE%DB%8C%D8%B1%DB%8C%20%D9%86%D8%A7%DA%86%20%DA%A9%D8%AF%DA%A9%D8%B3%20%D9%85%D8%AF%D9%84%20Double%20Delay%20%D8%A8%D8%B3%D8%AA%D9%87%2010%D8%B9%D8%AF%D8%AF%DB%8C.png,کاندوم کدکس با استانداردهای کیفی بالا و بسته‌بندی مطمئن، گزینه‌ای ایمن و باکیفیت برای مصرف‌کنندگان است. بسته‌بندی این محصول برای تأمین عمده و فروش در فروشگاه‌ها و داروخانه‌ها مناسب است.,sb-600610101
106,کدکس,Kodex,600610103,6263331112406,کاندوم کدکس 10 عددی کلاسیک 30 میکرون,بهداشت و مراقبت‌های جنسی,1,4400000.0,4400000.0,0,,https://raw.githubusercontent.com/omidadlii01/images_png/main/600610103_%DA%A9%D8%A7%D9%86%D8%AF%D9%88%D9%85%20%DA%A9%D8%AF%DA%A9%D8%B3%20%DB%B1%DB%B0%20%D8%B9%D8%AF%D8%AF%DB%8C%20%DB%B3%20%D9%85%DB%8C%DA%A9%D8%B1%D9%88%D9%86.png,کاندوم کدکس با استانداردهای کیفی بالا و بسته‌بندی مطمئن، گزینه‌ای ایمن و باکیفیت برای مصرف‌کنندگان است. بسته‌بندی این محصول برای تأمین عمده و فروش در فروشگاه‌ها و داروخانه‌ها مناسب است.,sb-600610103
107,کدکس,Kodex,600612134,6260623310403,کاندوم کدکس 12 عددی 3 در 1 مستر ساده,بهداشت و مراقبت‌های جنسی,1,4400000.0,4400000.0,0,,https://raw.githubusercontent.com/omidadlii01/images_png/main/600612134_%DA%A9%D8%A7%D9%86%D8%AF%D9%88%D9%85%20%D8%AA%D8%A7%D8%AE%DB%8C%D8%B1%DB%8C%20%DA%A9%D8%AF%DA%A9%D8%B3%20%D9%85%D8%AF%D9%84%20Master%203%20In%201%20%D8%A8%D8%B3%D8%AA%D9%87%2012%20%D8%B9%D8%AF%D8%AF%DB%8C%20%26%238211%3B%20%D8%B3%D8%A7%D8%AF%D9%87.png,کاندوم کدکس با استانداردهای کیفی بالا و بسته‌بندی مطمئن، گزینه‌ای ایمن و باکیفیت برای مصرف‌کنندگان است. بسته‌بندی این محصول برای تأمین عمده و فروش در فروشگاه‌ها و داروخانه‌ها مناسب است.,sb-600612134
108,کدکس,Kodex,600612130,6260623310717,کاندوم کدکس 12 عددی 5 کاره گرم ساده,بهداشت و مراقبت‌های جنسی,1,4400000.0,4400000.0,0,,https://raw.githubusercontent.com/omidadlii01/images_png/main/600612130_%DA%A9%D8%A7%D9%86%D8%AF%D9%88%D9%85%20%DA%A9%D8%AF%DA%A9%D8%B3%20%D9%85%D8%AF%D9%84%20Warm%20Challenger%205in1%20%D8%A8%D8%B3%D8%AA%D9%87%2012%20%D8%B9%D8%AF%D8%AF%DB%8C%20_%20%D8%B3%D8%A7%D8%AF%D9%87.png,کاندوم کدکس با استانداردهای کیفی بالا و بسته‌بندی مطمئن، گزینه‌ای ایمن و باکیفیت برای مصرف‌کنندگان است. بسته‌بندی این محصول برای تأمین عمده و فروش در فروشگاه‌ها و داروخانه‌ها مناسب است.,sb-600612130
109,کدکس,Kodex,600612135,6260623330326,کاندوم کدکس 12 عددی آنتی فونگال,بهداشت و مراقبت‌های جنسی,1,4400000.0,4400000.0,0,,https://raw.githubusercontent.com/omidadlii01/images_png/main/600612135_%DA%A9%D8%A7%D9%86%D8%AF%D9%88%D9%85%20%DA%A9%D8%AF%DA%A9%D8%B3%20%DB%B1%DB%B2%20%D8%B9%D8%AF%D8%AF%DB%8C%20%D8%A2%D9%86%D8%AA%DB%8C%20%D9%81%D9%88%D9%86%DA%AF%D8%A7%D9%84.png,کاندوم کدکس با استانداردهای کیفی بالا و بسته‌بندی مطمئن، گزینه‌ای ایمن و باکیفیت برای مصرف‌کنندگان است. بسته‌بندی این محصول برای تأمین عمده و فروش در فروشگاه‌ها و داروخانه‌ها مناسب است.,sb-600612135
110,کدکس,Kodex,600612118,6260623332474,کاندوم کدکس 12 عددی استندآپ,بهداشت و مراقبت‌های جنسی,1,4400000.0,4400000.0,0,,https://raw.githubusercontent.com/omidadlii01/images_png/main/600612118_%DA%A9%D8%A7%D9%86%D8%AF%D9%88%D9%85%20%DA%A9%D8%AF%DA%A9%D8%B3%20%D9%85%D8%AF%D9%84%20Stand%20Up%20Classic%20%D8%A8%D8%B3%D8%AA%D9%87%2012%20%D8%B9%D8%AF%D8%AF%DB%8C.png,کاندوم کدکس با استانداردهای کیفی بالا و بسته‌بندی مطمئن، گزینه‌ای ایمن و باکیفیت برای مصرف‌کنندگان است. بسته‌بندی این محصول برای تأمین عمده و فروش در فروشگاه‌ها و داروخانه‌ها مناسب است.,sb-600612118
111,کدکس,Kodex,600612115,6260623331460,کاندوم کدکس 12 عددی الرگو قرمز,بهداشت و مراقبت‌های جنسی,1,4400000.0,4400000.0,0,,https://raw.githubusercontent.com/omidadlii01/images_png/main/600612115_%DA%A9%D8%A7%D9%86%D8%AF%D9%88%D9%85%20%DA%A9%D8%AF%DA%A9%D8%B3%20%D9%85%D8%AF%D9%84%20Red%20Cactus%20%D8%A8%D8%B3%D8%AA%D9%87%2012%20%D8%B9%D8%AF%D8%AF%DB%8C.png,کاندوم کدکس با استانداردهای کیفی بالا و بسته‌بندی مطمئن، گزینه‌ای ایمن و باکیفیت برای مصرف‌کنندگان است. بسته‌بندی این محصول برای تأمین عمده و فروش در فروشگاه‌ها و داروخانه‌ها مناسب است.,sb-600612115
112,کدکس,Kodex,600612119,6260623332443,کاندوم کدکس 12 عددی انار دوبل,بهداشت و مراقبت‌های جنسی,1,4400000.0,4400000.0,0,,https://raw.githubusercontent.com/omidadlii01/images_png/main/600612119_%DA%A9%D8%A7%D9%86%D8%AF%D9%88%D9%85%20%DA%A9%D8%AF%DA%A9%D8%B3%20%D9%85%D8%AF%D9%84%20Double%20Pomegranate%20%D8%A8%D8%B3%D8%AA%D9%87%2012%20%D8%B9%D8%AF%D8%AF%DB%8C.png,کاندوم کدکس با استانداردهای کیفی بالا و بسته‌بندی مطمئن، گزینه‌ای ایمن و باکیفیت برای مصرف‌کنندگان است. بسته‌بندی این محصول برای تأمین عمده و فروش در فروشگاه‌ها و داروخانه‌ها مناسب است.,sb-600612119
113,کدکس,Kodex,600612107,6260623310397,کاندوم کدکس 12 عددی تاخیری,بهداشت و مراقبت‌های جنسی,1,4400000.0,4400000.0,0,,https://raw.githubusercontent.com/omidadlii01/images_png/main/600612107_%DA%A9%D8%A7%D9%86%D8%AF%D9%88%D9%85%20%DA%A9%D8%AF%DA%A9%D8%B3%20%D9%85%D8%AF%D9%84%20Prolong%20Delay%20%D8%A8%D8%B3%D8%AA%D9%87%2012%20%D8%B9%D8%AF%D8%AF%DB%8C.png,کاندوم کدکس با استانداردهای کیفی بالا و بسته‌بندی مطمئن، گزینه‌ای ایمن و باکیفیت برای مصرف‌کنندگان است. بسته‌بندی این محصول برای تأمین عمده و فروش در فروشگاه‌ها و داروخانه‌ها مناسب است.,sb-600612107
114,کدکس,Kodex,600612132,6260623330340,کاندوم کدکس 12 عددی تحریک کننده الترا نوبل ساده,بهداشت و مراقبت‌های جنسی,1,4400000.0,4400000.0,0,,https://raw.githubusercontent.com/omidadlii01/images_png/main/600612132_%DA%A9%D8%A7%D9%86%D8%AF%D9%88%D9%85%20%DA%A9%D8%AF%DA%A9%D8%B3%20%DB%B1%DB%B2%20%D8%B9%D8%AF%D8%AF%DB%8C%20%D8%AA%D8%AD%D8%B1%DB%8C%DA%A9%20%DA%A9%D9%86%D9%86%D8%AF%D9%87%20%D8%A7%D9%84%D8%AA%D8%B1%D8%A7%20%D9%86%D9%88%D8%A8%D9%84%20%26%238211%3B%20%D8%B3%D8%A7%D8%AF%D9%87.png,کاندوم کدکس با استانداردهای کیفی بالا و بسته‌بندی مطمئن، گزینه‌ای ایمن و باکیفیت برای مصرف‌کنندگان است. بسته‌بندی این محصول برای تأمین عمده و فروش در فروشگاه‌ها و داروخانه‌ها مناسب است.,sb-600612132
115,کدکس,Kodex,600612102,6260623310373,کاندوم کدکس 12 عددی حساس,بهداشت و مراقبت‌های جنسی,1,4400000.0,4400000.0,0,,https://raw.githubusercontent.com/omidadlii01/images_png/main/600612102_%DA%A9%D8%A7%D9%86%D8%AF%D9%88%D9%85%20%DA%A9%D8%AF%DA%A9%D8%B3%20%D9%85%D8%AF%D9%84%20Sensitive%20Pro-Sensation%20%D8%A8%D8%B3%D8%AA%D9%87%2012%20%D8%B9%D8%AF%D8%AF%DB%8C.png,کاندوم کدکس با استانداردهای کیفی بالا و بسته‌بندی مطمئن، گزینه‌ای ایمن و باکیفیت برای مصرف‌کنندگان است. بسته‌بندی این محصول برای تأمین عمده و فروش در فروشگاه‌ها و داروخانه‌ها مناسب است.,sb-600612102
116,کدکس,Kodex,600612116,6260623332573,کاندوم کدکس 12 عددی زیرو,بهداشت و مراقبت‌های جنسی,1,4400000.0,4400000.0,0,,https://raw.githubusercontent.com/omidadlii01/images_png/main/600612116_%DA%A9%D8%A7%D9%86%D8%AF%D9%88%D9%85%20%DA%A9%D8%AF%DA%A9%D8%B3%20%D9%85%D8%AF%D9%84%20Zero%20Invisible%20%D8%A8%D8%B3%D8%AA%D9%87%2012%20%D8%B9%D8%AF%D8%AF%DB%8C.png,کاندوم کدکس با استانداردهای کیفی بالا و بسته‌بندی مطمئن، گزینه‌ای ایمن و باکیفیت برای مصرف‌کنندگان است. بسته‌بندی این محصول برای تأمین عمده و فروش در فروشگاه‌ها و داروخانه‌ها مناسب است.,sb-600612116
117,کدکس,Kodex,600612109,6260623330333,کاندوم کدکس 12 عددی کافی تاخیری,بهداشت و مراقبت‌های جنسی,1,4400000.0,4400000.0,0,,https://raw.githubusercontent.com/omidadlii01/images_png/main/600612109_%DA%A9%D8%A7%D9%86%D8%AF%D9%88%D9%85%20%DA%A9%D8%AF%DA%A9%D8%B3%20%D9%85%D8%AF%D9%84%20Coffee%20%D8%A8%D8%B3%D8%AA%D9%87%2012%20%D8%B9%D8%AF%D8%AF%DB%8C.png,کاندوم کدکس با استانداردهای کیفی بالا و بسته‌بندی مطمئن، گزینه‌ای ایمن و باکیفیت برای مصرف‌کنندگان است. بسته‌بندی این محصول برای تأمین عمده و فروش در فروشگاه‌ها و داروخانه‌ها مناسب است.,sb-600612109
118,کدکس,Kodex,600612101,6260623310434,کاندوم کدکس 12 عددی کلاسیک,بهداشت و مراقبت‌های جنسی,1,4400000.0,4400000.0,0,,https://raw.githubusercontent.com/omidadlii01/images_png/main/600612101_%DA%A9%D8%A7%D9%86%D8%AF%D9%88%D9%85%20%D9%86%D8%A7%DA%86%20%DA%A9%D8%AF%DA%A9%D8%B3%20%DA%A9%D9%84%D8%A7%D8%B3%DB%8C%DA%A9%20%D9%85%D8%AF%D9%84%20%D8%A2%D9%84%D9%88%D8%A6%D9%87%20%D9%88%D8%B1%D8%A7%20%D8%A8%D8%B3%D8%AA%D9%87%2012%20%D8%B9%D8%AF%D8%AF%DB%8C.png,کاندوم کدکس با استانداردهای کیفی بالا و بسته‌بندی مطمئن، گزینه‌ای ایمن و باکیفیت برای مصرف‌کنندگان است. بسته‌بندی این محصول برای تأمین عمده و فروش در فروشگاه‌ها و داروخانه‌ها مناسب است.,sb-600612101
119,کدکس,Kodex,600603124,6260623310236,کاندوم کدکس 3 عددی 3 در 1 مستر ساده,بهداشت و مراقبت‌های جنسی,1,1590000.0,1590000.0,0,,https://raw.githubusercontent.com/omidadlii01/images_png/main/600603124_%DA%A9%D8%A7%D9%86%D8%AF%D9%88%D9%85%20%D8%AA%D8%A7%D8%AE%DB%8C%D8%B1%DB%8C%20%DA%A9%D8%AF%DA%A9%D8%B3%20%D9%85%D8%AF%D9%84%20Master%203%20In%201%20%D8%A8%D8%B3%D8%AA%D9%87%203%20%D8%B9%D8%AF%D8%AF%DB%8C%20%26%238211%3B%20%D8%B3%D8%A7%D8%AF%D9%87.png,کاندوم کدکس با استانداردهای کیفی بالا و بسته‌بندی مطمئن، گزینه‌ای ایمن و باکیفیت برای مصرف‌کنندگان است. بسته‌بندی این محصول برای تأمین عمده و فروش در فروشگاه‌ها و داروخانه‌ها مناسب است.,sb-600603124
120,کدکس,Kodex,600603123,6263331112413,کاندوم کدکس 3 عددی 30 میکرون,بهداشت و مراقبت‌های جنسی,1,1590000.0,1590000.0,0,,https://raw.githubusercontent.com/omidadlii01/images_png/main/600603123_%DA%A9%D8%A7%D9%86%D8%AF%D9%88%D9%85%20%D9%86%D8%A7%DA%86%20%DA%A9%D8%AF%DA%A9%D8%B3%20%D9%85%D8%AF%D9%84%200.03%20%D8%A8%D8%B3%D8%AA%D9%87%203%20%D8%B9%D8%AF%D8%AF%DB%8C.png,کاندوم کدکس با استانداردهای کیفی بالا و بسته‌بندی مطمئن، گزینه‌ای ایمن و باکیفیت برای مصرف‌کنندگان است. بسته‌بندی این محصول برای تأمین عمده و فروش در فروشگاه‌ها و داروخانه‌ها مناسب است.,sb-600603123
121,کدکس,Kodex,600603114,6260623332542,کاندوم کدکس 3 عددی استندآپ,بهداشت و مراقبت‌های جنسی,1,1590000.0,1590000.0,0,,https://raw.githubusercontent.com/omidadlii01/images_png/main/600603114_%DA%A9%D8%A7%D9%86%D8%AF%D9%88%D9%85%20%D9%86%D8%A7%DA%86%20%DA%A9%D8%AF%DA%A9%D8%B3%20%D9%85%D8%AF%D9%84%20STAND%20UP%20%D8%A8%D8%B3%D8%AA%D9%87%203%20%D8%B9%D8%AF%D8%AF%DB%8C.png,کاندوم کدکس با استانداردهای کیفی بالا و بسته‌بندی مطمئن، گزینه‌ای ایمن و باکیفیت برای مصرف‌کنندگان است. بسته‌بندی این محصول برای تأمین عمده و فروش در فروشگاه‌ها و داروخانه‌ها مناسب است.,sb-600603114
122,کدکس,Kodex,600603112,6260623331477,کاندوم کدکس 3 عددی الرگو قرمز,بهداشت و مراقبت‌های جنسی,1,1590000.0,1590000.0,0,,https://raw.githubusercontent.com/omidadlii01/images_png/main/600603112_%DA%A9%D8%A7%D9%86%D8%AF%D9%88%D9%85%20%DA%A9%D8%AF%DA%A9%D8%B3%203%20%D8%B9%D8%AF%D8%AF%DB%8C%20%D9%84%D8%A7%D8%B1%DA%AF%D9%88%20%D9%82%D8%B1%D9%85%D8%B2.png,کاندوم کدکس با استانداردهای کیفی بالا و بسته‌بندی مطمئن، گزینه‌ای ایمن و باکیفیت برای مصرف‌کنندگان است. بسته‌بندی این محصول برای تأمین عمده و فروش در فروشگاه‌ها و داروخانه‌ها مناسب است.,sb-600603112
123,کدکس,Kodex,600603115,6260623332511,کاندوم کدکس 3 عددی انار دوبل,بهداشت و مراقبت‌های جنسی,1,1590000.0,1590000.0,0,,https://raw.githubusercontent.com/omidadlii01/images_png/main/600603115_%DA%A9%D8%A7%D9%86%D8%AF%D9%88%D9%85%20%DA%A9%D8%AF%DA%A9%D8%B3%20%D9%85%D8%AF%D9%84%20Double%20Pomegranate%20%D8%A8%D8%B3%D8%AA%D9%87%203%20%D8%B9%D8%AF%D8%AF%DB%8C.png,کاندوم کدکس با استانداردهای کیفی بالا و بسته‌بندی مطمئن، گزینه‌ای ایمن و باکیفیت برای مصرف‌کنندگان است. بسته‌بندی این محصول برای تأمین عمده و فروش در فروشگاه‌ها و داروخانه‌ها مناسب است.,sb-600603115
124,کدکس,Kodex,600603122,6260623310250,کاندوم کدکس 3 عددی بیگ داتس,بهداشت و مراقبت‌های جنسی,1,1590000.0,1590000.0,0,,https://raw.githubusercontent.com/omidadlii01/images_png/main/600603122_%DA%A9%D8%A7%D9%86%D8%AF%D9%88%D9%85%20%D9%86%D8%A7%DA%86%20%DA%A9%D8%AF%DA%A9%D8%B3%20%D9%85%D8%AF%D9%84%20BIG%20DOTS%20%D8%A8%D8%B3%D8%AA%D9%87%203%20%D8%B9%D8%AF%D8%AF%DB%8C.png,کاندوم کدکس با استانداردهای کیفی بالا و بسته‌بندی مطمئن، گزینه‌ای ایمن و باکیفیت برای مصرف‌کنندگان است. بسته‌بندی این محصول برای تأمین عمده و فروش در فروشگاه‌ها و داروخانه‌ها مناسب است.,sb-600603122
125,کدکس,Kodex,600603117,6260623330418,کاندوم کدکس 3 عددی تاخیری فیزیکی دوبل,بهداشت و مراقبت‌های جنسی,1,1590000.0,1590000.0,0,,https://raw.githubusercontent.com/omidadlii01/images_png/main/600603117_%DA%A9%D8%A7%D9%86%D8%AF%D9%88%D9%85%20%DA%A9%D8%AF%DA%A9%D8%B3%20%DB%B3%20%D8%B9%D8%AF%D8%AF%DB%8C%20%D8%AA%D8%A7%D8%AE%DB%8C%D8%B1%DB%8C%20%D9%81%DB%8C%D8%B2%DB%8C%DA%A9%DB%8C%20%D8%AF%D9%88%D8%A8%D9%84.png,کاندوم کدکس با استانداردهای کیفی بالا و بسته‌بندی مطمئن، گزینه‌ای ایمن و باکیفیت برای مصرف‌کنندگان است. بسته‌بندی این محصول برای تأمین عمده و فروش در فروشگاه‌ها و داروخانه‌ها مناسب است.,sb-600603117
126,کدکس,Kodex,600603113,6260623332580,کاندوم کدکس 3 عددی زیرو,بهداشت و مراقبت‌های جنسی,1,1590000.0,1590000.0,0,,https://raw.githubusercontent.com/omidadlii01/images_png/main/600603113_%DA%A9%D8%A7%D9%86%D8%AF%D9%88%D9%85%20%DA%A9%D8%AF%DA%A9%D8%B3%20%D9%85%D8%AF%D9%84%20Zero%20Invisible%20%D8%A8%D8%B3%D8%AA%D9%87%203%20%D8%B9%D8%AF%D8%AF%DB%8C.png,کاندوم کدکس با استانداردهای کیفی بالا و بسته‌بندی مطمئن، گزینه‌ای ایمن و باکیفیت برای مصرف‌کنندگان است. بسته‌بندی این محصول برای تأمین عمده و فروش در فروشگاه‌ها و داروخانه‌ها مناسب است.,sb-600603113
127,کدکس,Kodex,600603107,6260623330388,کاندوم کدکس 3 عددی کافی تاخیری,بهداشت و مراقبت‌های جنسی,1,1590000.0,1590000.0,0,,https://raw.githubusercontent.com/omidadlii01/images_png/main/600603107_%DA%A9%D8%A7%D9%86%D8%AF%D9%88%D9%85%20%DA%A9%D8%AF%DA%A9%D8%B3%20%D9%85%D8%AF%D9%84%20Coffee%20%D8%A8%D8%B3%D8%AA%D9%87%203%20%D8%B9%D8%AF%D8%AF%DB%8C.png,کاندوم کدکس با استانداردهای کیفی بالا و بسته‌بندی مطمئن، گزینه‌ای ایمن و باکیفیت برای مصرف‌کنندگان است. بسته‌بندی این محصول برای تأمین عمده و فروش در فروشگاه‌ها و داروخانه‌ها مناسب است.,sb-600603107
128,کاپوت,Kaput,610621101,6260623339367,اسپری تاخیری کاپوت 12 عددی ارگاسم سه برابر,بهداشت و مراقبت‌های جنسی,1,3527273.0,3527273.0,0,,https://raw.githubusercontent.com/omidadlii01/images_png/main/610621101_%D8%A7%D8%B3%D9%BE%D8%B1%DB%8C%20%D8%AA%D8%A7%D8%AE%DB%8C%D8%B1%DB%8C%20%D8%A7%D8%B1%DA%AF%D8%A7%D8%B3%D9%85%20%DB%B3%20%D8%A8%D8%B1%D8%A7%D8%A8%D8%B1%20%DA%A9%D8%A7%D9%BE%D9%88%D8%AA.png,اسپری تاخیری کاپوت 12 عددی ارگاسم سه برابر از برند کاپوت، محصولی باکیفیت در دسته بهداشت زناشویی است که برای استفاده روزانه طراحی شده است. بسته‌بندی این محصول برای تأمین عمده و فروش در فروشگاه‌ها و داروخانه‌ها مناسب است.,sb-610621101
129,کاپوت,Kaput,610621102,6260623339381,اسپری تاخیری کاپوت 12 عددی نان استاپ,بهداشت و مراقبت‌های جنسی,1,3527273.0,3527273.0,0,,https://raw.githubusercontent.com/omidadlii01/images_png/main/610621102_%D8%A7%D8%B3%D9%BE%D8%B1%DB%8C%20%D8%AA%D8%A7%D8%AE%DB%8C%D8%B1%DB%8C%20%D9%86%D8%A7%D9%86%20%D8%A7%D8%B3%D8%AA%D8%A7%D9%BE%20%DA%A9%D8%A7%D9%BE%D9%88%D8%AA.png,اسپری تاخیری کاپوت 12 عددی نان استاپ از برند کاپوت، محصولی باکیفیت در دسته بهداشت زناشویی است که برای استفاده روزانه طراحی شده است. بسته‌بندی این محصول برای تأمین عمده و فروش در فروشگاه‌ها و داروخانه‌ها مناسب است.,sb-610621102
130,کاپوت,Kaput,610622203,6263331112482,ژل لوبریکنت الترا تاچ کاپوت,بهداشت و مراقبت‌های جنسی,1,3527273.0,3527273.0,0,,https://raw.githubusercontent.com/omidadlii01/images_png/main/610622203_%DA%98%D9%84%20%D9%84%D9%88%D8%A8%D8%B1%DB%8C%DA%A9%D9%86%D8%AA%20%D8%A7%D9%84%D8%AA%D8%B1%D8%A7%20%D8%AA%D8%A7%DA%86%20%DA%A9%D8%A7%D9%BE%D9%88%D8%AA.png,ژل کاپوت با بافتی سبک، تمیزکنندگی و مراقبت مناسبی برای استفاده روزانه فراهم می‌کند. بسته‌بندی این محصول برای تأمین عمده و فروش در فروشگاه‌ها و داروخانه‌ها مناسب است.,sb-610622203
131,کاپوت,Kaput,610622201,6263331112468,ژل لوبریکنت تاخیری مکس تایم استاپ کاپوت,بهداشت و مراقبت‌های جنسی,1,3527273.0,3527273.0,0,,https://raw.githubusercontent.com/omidadlii01/images_png/main/610622201_%DA%98%D9%84%20%D9%84%D9%88%D8%A8%D8%B1%DB%8C%DA%A9%D9%86%D8%AA%20%D9%85%DA%A9%D8%B3%20%D8%AA%D8%A7%DB%8C%D9%85%20%D8%A7%D8%B3%D8%AA%D8%A7%D9%BE%20%DA%A9%D8%A7%D9%BE%D9%88%D8%AA.png,ژل کاپوت با بافتی سبک، تمیزکنندگی و مراقبت مناسبی برای استفاده روزانه فراهم می‌کند. بسته‌بندی این محصول برای تأمین عمده و فروش در فروشگاه‌ها و داروخانه‌ها مناسب است.,sb-610622201
132,کاپوت,Kaput,610622202,6263331112475,ژل لوبریکنت موزی کاپوت,بهداشت و مراقبت‌های جنسی,1,3527273.0,3527273.0,0,,https://raw.githubusercontent.com/omidadlii01/images_png/main/610622202_%DA%98%D9%84%20%D9%84%D9%88%D8%A8%D8%B1%DB%8C%DA%A9%D9%86%D8%AA%20%D9%85%D9%88%D8%B2%DB%8C%20%DA%A9%D8%A7%D9%BE%D9%88%D8%AA.png,ژل کاپوت با بافتی سبک، تمیزکنندگی و مراقبت مناسبی برای استفاده روزانه فراهم می‌کند. بسته‌بندی این محصول برای تأمین عمده و فروش در فروشگاه‌ها و داروخانه‌ها مناسب است.,sb-610622202
133,کاپوت,Kaput,610610101,6260623331040,کاندوم کاپوت 10 عددی فویل مربع نان استاپ,بهداشت و مراقبت‌های جنسی,1,4400000.0,4400000.0,0,,https://raw.githubusercontent.com/omidadlii01/images_png/main/610610101_%DA%A9%D8%A7%D9%86%D8%AF%D9%88%D9%85%2010%20%D8%B9%D8%AF%D8%AF%D9%8A%20%D9%81%D9%88%D9%8A%D9%84%20%D9%85%D8%B1%D8%A8%D8%B9%20%D9%86%D8%A7%D9%86%20%D8%A7%D8%B3%D8%AA%D8%A7%D9%BE%20%DA%A9%D8%A7%D9%BE%D9%88%D8%AA.png,کاندوم کاپوت با استانداردهای کیفی بالا و بسته‌بندی مطمئن، گزینه‌ای ایمن و باکیفیت برای مصرف‌کنندگان است. بسته‌بندی این محصول برای تأمین عمده و فروش در فروشگاه‌ها و داروخانه‌ها مناسب است.,sb-610610101
134,کاپوت,Kaput,610610102,6260623331170,کاندوم کاپوت 10 عددی هزار و یک خار درشت,بهداشت و مراقبت‌های جنسی,1,4400000.0,4400000.0,0,,https://raw.githubusercontent.com/omidadlii01/images_png/main/610610102_%DA%A9%D8%A7%D9%86%D8%AF%D9%88%D9%8510%20%D8%B9%D8%AF%D8%AF%D9%8A%20%D9%87%D8%B2%D8%A7%D8%B1%20%D9%88%20%D9%8A%DA%A9%20%D8%AE%D8%A7%D8%B1%20%D8%AF%D8%B1%D8%B4%D8%AA%20%DA%A9%D8%A7%D9%BE%D9%88%D8%AA.png,کاندوم کاپوت با استانداردهای کیفی بالا و بسته‌بندی مطمئن، گزینه‌ای ایمن و باکیفیت برای مصرف‌کنندگان است. بسته‌بندی این محصول برای تأمین عمده و فروش در فروشگاه‌ها و داروخانه‌ها مناسب است.,sb-610610102
135,کاپوت,Kaput,610610103,6263331112383,کاندوم کاپوت 10 عددی کلاسیک 30 میکرون,بهداشت و مراقبت‌های جنسی,1,4400000.0,4400000.0,0,,https://raw.githubusercontent.com/omidadlii01/images_png/main/610610103_%DA%A9%D8%A7%D9%86%D8%AF%D9%88%D9%85%2010%20%D8%B9%D8%AF%D8%AF%D9%8A%20%DA%A9%D9%84%D8%A7%D8%B3%D9%8A%DA%A9%2030%20%D9%85%D9%8A%DA%A9%D8%B1%D9%88%D9%86%20%DA%A9%D8%A7%D9%BE%D9%88%D8%AA.png,کاندوم کاپوت با استانداردهای کیفی بالا و بسته‌بندی مطمئن، گزینه‌ای ایمن و باکیفیت برای مصرف‌کنندگان است. بسته‌بندی این محصول برای تأمین عمده و فروش در فروشگاه‌ها و داروخانه‌ها مناسب است.,sb-610610103
136,کاپوت,Kaput,610612136,6260623332924,کاندوم کاپوت 12 عددی ارگاسمیک ساده,بهداشت و مراقبت‌های جنسی,1,4400000.0,4400000.0,0,,https://raw.githubusercontent.com/omidadlii01/images_png/main/610612136_%DA%A9%D8%A7%D9%86%D8%AF%D9%88%D9%85%20%DA%A9%D8%A7%D9%BE%D9%88%D8%AA%20%DB%B12%20%D8%B9%D8%AF%D8%AF%DB%8C%20%D8%A7%D8%B1%DA%AF%D8%A7%D8%B3%D9%85%DB%8C%DA%A9%20%26%238211%3B%20%D8%B3%D8%A7%D8%AF%D9%87.png,کاندوم کاپوت با استانداردهای کیفی بالا و بسته‌بندی مطمئن، گزینه‌ای ایمن و باکیفیت برای مصرف‌کنندگان است. بسته‌بندی این محصول برای تأمین عمده و فروش در فروشگاه‌ها و داروخانه‌ها مناسب است.,sb-610612136
137,کاپوت,Kaput,610612111,6260623331101,کاندوم کاپوت 12 عددی الرگو,بهداشت و مراقبت‌های جنسی,1,4400000.0,4400000.0,0,,https://raw.githubusercontent.com/omidadlii01/images_png/main/610612111_%DA%A9%D8%A7%D9%86%D8%AF%D9%88%D9%85%2012%20%D8%B9%D8%AF%D8%AF%DB%8C%20%D9%84%D8%A7%D8%B1%DA%AF%D9%88%20%DA%A9%D8%A7%D9%BE%D9%88%D8%AA.png,کاندوم کاپوت با استانداردهای کیفی بالا و بسته‌بندی مطمئن، گزینه‌ای ایمن و باکیفیت برای مصرف‌کنندگان است. بسته‌بندی این محصول برای تأمین عمده و فروش در فروشگاه‌ها و داروخانه‌ها مناسب است.,sb-610612111
138,کاپوت,Kaput,610612105,6260623331071,کاندوم کاپوت 12 عددی اناری,بهداشت و مراقبت‌های جنسی,1,4400000.0,4400000.0,0,,https://raw.githubusercontent.com/omidadlii01/images_png/main/610612105_%DA%A9%D8%A7%D9%86%D8%AF%D9%88%D9%85%2012%20%D8%B9%D8%AF%D8%AF%DB%8C%20%D8%A7%D9%86%D8%A7%D8%B1%DB%8C%20%DA%A9%D8%A7%D9%BE%D9%88%D8%AA.png,کاندوم کاپوت با استانداردهای کیفی بالا و بسته‌بندی مطمئن، گزینه‌ای ایمن و باکیفیت برای مصرف‌کنندگان است. بسته‌بندی این محصول برای تأمین عمده و فروش در فروشگاه‌ها و داروخانه‌ها مناسب است.,sb-610612105
139,کاپوت,Kaput,610612113,6260623333136,کاندوم کاپوت 12 عددی تاخیری 45 دقیقه ای,بهداشت و مراقبت‌های جنسی,1,4400000.0,4400000.0,0,,https://raw.githubusercontent.com/omidadlii01/images_png/main/610612113_%DA%A9%D8%A7%D9%86%D8%AF%D9%88%D9%85%2012%20%D8%B9%D8%AF%D8%AF%D9%8A%20%D8%AA%D8%A7%D8%AE%D9%8A%D8%B1%D9%8A%2045%20%D8%AF%D9%82%D9%8A%D9%82%D9%87%20%D8%A7%D9%8A%20%DA%A9%D8%A7%D9%BE%D9%88%D8%AA.png,کاندوم کاپوت با استانداردهای کیفی بالا و بسته‌بندی مطمئن، گزینه‌ای ایمن و باکیفیت برای مصرف‌کنندگان است. بسته‌بندی این محصول برای تأمین عمده و فروش در فروشگاه‌ها و داروخانه‌ها مناسب است.,sb-610612113
140,کاپوت,Kaput,610612135,6260623333112,کاندوم کاپوت 12 عددی تاخیری انرژی - ساده,بهداشت و مراقبت‌های جنسی,1,4400000.0,4400000.0,0,,https://raw.githubusercontent.com/omidadlii01/images_png/main/610612135_%DA%A9%D8%A7%D9%86%D8%AF%D9%88%D9%85%2012%20%D8%B9%D8%AF%D8%AF%D9%8A%20%D8%AA%D8%A7%D8%AE%D9%8A%D8%B1%D9%8A%20%D8%A7%D9%86%D8%B1%DA%98%D9%8A%20%DA%A9%D8%A7%D9%BE%D9%88%D8%AA%20%26%238211%3B%20%D8%B3%D8%A7%D8%AF%D9%87.png,کاندوم کاپوت با استانداردهای کیفی بالا و بسته‌بندی مطمئن، گزینه‌ای ایمن و باکیفیت برای مصرف‌کنندگان است. بسته‌بندی این محصول برای تأمین عمده و فروش در فروشگاه‌ها و داروخانه‌ها مناسب است.,sb-610612135
141,کاپوت,Kaput,610612122,6260623331064,کاندوم کاپوت 12 عددی تاخیری فروتی تاخیری,بهداشت و مراقبت‌های جنسی,1,4400000.0,4400000.0,0,,https://raw.githubusercontent.com/omidadlii01/images_png/main/610612122_%DA%A9%D8%A7%D9%86%D8%AF%D9%88%D9%85%2012%20%D8%B9%D8%AF%D8%AF%D9%8A%20%D8%AA%D8%A7%D8%AE%D9%8A%D8%B1%D9%8A%20%D9%81%D8%B1%D9%88%D8%AA%D9%8A%20%26%238211%3B%20%D8%AA%D8%A7%D8%AE%D9%8A%D8%B1%D9%8A%20%DA%A9%D8%A7%D9%BE%D9%88%D8%AA.png,کاندوم کاپوت با استانداردهای کیفی بالا و بسته‌بندی مطمئن، گزینه‌ای ایمن و باکیفیت برای مصرف‌کنندگان است. بسته‌بندی این محصول برای تأمین عمده و فروش در فروشگاه‌ها و داروخانه‌ها مناسب است.,sb-610612122
142,کاپوت,Kaput,610612104,6260623331507,کاندوم کاپوت 12 عددی تاخیری فوق العاده,بهداشت و مراقبت‌های جنسی,1,4400000.0,4400000.0,0,,https://raw.githubusercontent.com/omidadlii01/images_png/main/610612104_%DA%A9%D8%A7%D9%86%D8%AF%D9%88%D9%85%2012%20%D8%B9%D8%AF%D8%AF%DB%8C%20%D8%AA%D8%A7%D8%AE%DB%8C%D8%B1%DB%8C%20%D9%81%D9%88%D9%82%20%D8%A7%D9%84%D8%B9%D8%A7%D8%AF%D9%87%20%DA%A9%D8%A7%D9%BE%D9%88%D8%AA.png,کاندوم کاپوت با استانداردهای کیفی بالا و بسته‌بندی مطمئن، گزینه‌ای ایمن و باکیفیت برای مصرف‌کنندگان است. بسته‌بندی این محصول برای تأمین عمده و فروش در فروشگاه‌ها و داروخانه‌ها مناسب است.,sb-610612104
143,کاپوت,Kaput,610612126,6260623331163,کاندوم کاپوت 12 عددی حساس نوتال ضد حساسیت,بهداشت و مراقبت‌های جنسی,1,4400000.0,4400000.0,0,,https://raw.githubusercontent.com/omidadlii01/images_png/main/610612126_%DA%A9%D8%A7%D9%86%D8%AF%D9%88%D9%8512%20%D8%B9%D8%AF%D8%AF%D9%8A%20%D8%AD%D8%B3%D8%A7%D8%B3%20%D9%86%D9%88%D8%AA%D9%84%D8%A7%20%26%238211%3B%20%D8%B6%D8%AF%20%D8%AD%D8%B3%D8%A7%D8%B3%D9%8A%D8%AA%20%DA%A9%D8%A7%D9%BE%D9%88%D8%AA.png,کاندوم کاپوت با استانداردهای کیفی بالا و بسته‌بندی مطمئن، گزینه‌ای ایمن و باکیفیت برای مصرف‌کنندگان است. بسته‌بندی این محصول برای تأمین عمده و فروش در فروشگاه‌ها و داروخانه‌ها مناسب است.,sb-610612126
144,کاپوت,Kaput,610612134,6260623331156,کاندوم کاپوت 12 عددی فروتی تایم 7 کاره گرم ساده,بهداشت و مراقبت‌های جنسی,1,4400000.0,4400000.0,0,,https://raw.githubusercontent.com/omidadlii01/images_png/main/610612134_%DA%A9%D8%A7%D9%86%D8%AF%D9%88%D9%85%20%DA%A9%D8%A7%D9%BE%D9%88%D8%AA%20%DB%B1%DB%B2%20%D8%B9%D8%AF%D8%AF%DB%8C%20%D9%81%D8%B1%D9%88%D8%AA%DB%8C%20%D8%AA%D8%A7%DB%8C%D9%85%20%DB%B7%20%DA%A9%D8%A7%D8%B1%D9%87%20%DA%AF%D8%B1%D9%85-%D8%B3%D8%A7%D8%AF%D9%87.png,کاندوم کاپوت با استانداردهای کیفی بالا و بسته‌بندی مطمئن، گزینه‌ای ایمن و باکیفیت برای مصرف‌کنندگان است. بسته‌بندی این محصول برای تأمین عمده و فروش در فروشگاه‌ها و داروخانه‌ها مناسب است.,sb-610612134
145,کاپوت,Kaput,610612110,6260623333129,کاندوم کاپوت 12 عددی میکروتین,بهداشت و مراقبت‌های جنسی,1,4400000.0,4400000.0,0,,https://raw.githubusercontent.com/omidadlii01/images_png/main/610612110_%DA%A9%D8%A7%D9%86%D8%AF%D9%88%D9%85%2012%20%D8%B9%D8%AF%D8%AF%DB%8C%20%D9%85%D9%8A%DA%A9%D8%B1%D9%88%D8%AA%DB%8C%D9%86%20%DA%A9%D8%A7%D9%BE%D9%88%D8%AA.png,کاندوم کاپوت با استانداردهای کیفی بالا و بسته‌بندی مطمئن، گزینه‌ای ایمن و باکیفیت برای مصرف‌کنندگان است. بسته‌بندی این محصول برای تأمین عمده و فروش در فروشگاه‌ها و داروخانه‌ها مناسب است.,sb-610612110
146,کاپوت,Kaput,610612101,6260623331002,کاندوم کاپوت 12 عددی کلاسیک,بهداشت و مراقبت‌های جنسی,1,4400000.0,4400000.0,0,,https://raw.githubusercontent.com/omidadlii01/images_png/main/610612101_%DA%A9%D8%A7%D9%86%D8%AF%D9%88%D9%85%20%2012%20%D8%B9%D8%AF%D8%AF%DB%8C%20%DA%A9%D9%84%D8%A7%D8%B3%DB%8C%DA%A9%20%DA%A9%D8%A7%D9%BE%D9%88%D8%AA.png,کاندوم کاپوت با استانداردهای کیفی بالا و بسته‌بندی مطمئن، گزینه‌ای ایمن و باکیفیت برای مصرف‌کنندگان است. بسته‌بندی این محصول برای تأمین عمده و فروش در فروشگاه‌ها و داروخانه‌ها مناسب است.,sb-610612101
147,کاپوت,Kaput,610612133,6260623331149,کاندوم کاپوت 12 عددی کول تایم 7 کاره سرد ساده,بهداشت و مراقبت‌های جنسی,1,4400000.0,4400000.0,0,,https://raw.githubusercontent.com/omidadlii01/images_png/main/610612133_%DA%A9%D8%A7%D9%86%D8%AF%D9%88%D9%85%20%DA%A9%D8%A7%D9%BE%D9%88%D8%AA%20%DB%B1%DB%B2%20%D8%B9%D8%AF%D8%AF%DB%8C%20%DA%A9%D9%88%D9%84%20%D8%AA%D8%A7%DB%8C%D9%85%20%DB%B7%20%DA%A9%D8%A7%D8%B1%D9%87%20%D8%B3%D8%B1%D8%AF-%D8%B3%D8%A7%D8%AF%D9%87.png,کاندوم کاپوت با استانداردهای کیفی بالا و بسته‌بندی مطمئن، گزینه‌ای ایمن و باکیفیت برای مصرف‌کنندگان است. بسته‌بندی این محصول برای تأمین عمده و فروش در فروشگاه‌ها و داروخانه‌ها مناسب است.,sb-610612133
148,کاپوت,Kaput,610603103,6263331110419,کاندوم کاپوت 3 عددی تاخیری فوق العاده,بهداشت و مراقبت‌های جنسی,1,1590000.0,1590000.0,0,,https://raw.githubusercontent.com/omidadlii01/images_png/main/610603103_%DA%A9%D8%A7%D9%86%D8%AF%D9%88%D9%85%203%20%D8%B9%D8%AF%D8%AF%D9%8A%20%D8%AA%D8%A7%D8%AE%D9%8A%D8%B1%D9%8A%20%D9%81%D9%88%D9%82%20%D8%A7%D9%84%D8%B9%D8%A7%D8%AF%D9%87%20%DA%A9%D8%A7%D9%BE%D9%88%D8%AA.png,کاندوم کاپوت با استانداردهای کیفی بالا و بسته‌بندی مطمئن، گزینه‌ای ایمن و باکیفیت برای مصرف‌کنندگان است. بسته‌بندی این محصول برای تأمین عمده و فروش در فروشگاه‌ها و داروخانه‌ها مناسب است.,sb-610603103
149,کاپوت,Kaput,610603107,6263331110372,کاندوم کاپوت 3 عددی هزار و یک خار درشت,بهداشت و مراقبت‌های جنسی,1,1590000.0,1590000.0,0,,https://raw.githubusercontent.com/omidadlii01/images_png/main/610603107_%DA%A9%D8%A7%D9%86%D8%AF%D9%88%D9%85%203%20%D8%B9%D8%AF%D8%AF%D9%8A%20%D9%87%D8%B2%D8%A7%D8%B1%20%D9%88%20%D9%8A%DA%A9%20%D8%AE%D8%A7%D8%B1%20%D8%AF%D8%B1%D8%B4%D8%AA%20%DA%A9%D8%A7%D9%BE%D9%88%D8%AA.png,کاندوم کاپوت با استانداردهای کیفی بالا و بسته‌بندی مطمئن، گزینه‌ای ایمن و باکیفیت برای مصرف‌کنندگان است. بسته‌بندی این محصول برای تأمین عمده و فروش در فروشگاه‌ها و داروخانه‌ها مناسب است.,sb-610603107
150,کاپوت,Kaput,610603101,6263331110402,کاندوم کاپوت 3 عددی کلاسیک,بهداشت و مراقبت‌های جنسی,1,1590000.0,1590000.0,0,,https://raw.githubusercontent.com/omidadlii01/images_png/main/610603101_%DA%A9%D8%A7%D9%86%D8%AF%D9%88%D9%85%203%20%D8%B9%D8%AF%D8%AF%D9%8A%20%DA%A9%D9%84%D8%A7%D8%B3%D9%8A%DA%A9%20%DA%A9%D8%A7%D9%BE%D9%88%D8%AA.png,کاندوم کاپوت با استانداردهای کیفی بالا و بسته‌بندی مطمئن، گزینه‌ای ایمن و باکیفیت برای مصرف‌کنندگان است. بسته‌بندی این محصول برای تأمین عمده و فروش در فروشگاه‌ها و داروخانه‌ها مناسب است.,sb-610603101
151,کاپوت,Kaput,610603108,6263331112390,کاندوم کاپوت 3 عددی کلاسیک 30 میکرون,بهداشت و مراقبت‌های جنسی,1,1590000.0,1590000.0,0,,https://raw.githubusercontent.com/omidadlii01/images_png/main/610603108_%DA%A9%D8%A7%D9%86%D8%AF%D9%88%D9%85%203%20%D8%B9%D8%AF%D8%AF%D9%8A%20%DA%A9%D9%84%D8%A7%D8%B3%D9%8A%DA%A9%2030%20%D9%85%D9%8A%DA%A9%D8%B1%D9%88%D9%86%20%DA%A9%D8%A7%D9%BE%D9%88%D8%AA.png,کاندوم کاپوت با استانداردهای کیفی بالا و بسته‌بندی مطمئن، گزینه‌ای ایمن و باکیفیت برای مصرف‌کنندگان است. بسته‌بندی این محصول برای تأمین عمده و فروش در فروشگاه‌ها و داروخانه‌ها مناسب است.,sb-610603108
152,دافی,Dafi,100106101,6260623335888,دستمال مرطوب الک پاک کن قوطی دافی,مراقبت پوست و بدن,1,4094862.0,4094862.0,5180000.0,20.9,https://raw.githubusercontent.com/omidadlii01/images_png/main/100106101_%D8%AF%D8%B3%D8%AA%D9%85%D8%A7%D9%84%20%D9%85%D8%B1%D8%B7%D9%88%D8%A8%20%D9%84%D8%A7%DA%A9%20%D9%BE%D8%A7%DA%A9%20%DA%A9%D9%86%20%D9%82%D9%88%D8%B7%DB%8C%20%D8%AF%D8%A7%D9%81%DB%8C.png,دستمال مرطوب دافی برای نظافت و طراوت روزانه بدن مناسب است و بافتی نرم و بدون آسیب به پوست دارد. بسته‌بندی این محصول برای تأمین عمده و فروش در فروشگاه‌ها و داروخانه‌ها مناسب است.,sb-100106101
153,دافی,Dafi,100105101,6260623331446,دستمال مرطوب بهداشتی بانوان دافی,مراقبت پوست و بدن,1,1169960.0,1169960.0,1480000.0,20.9,https://raw.githubusercontent.com/omidadlii01/images_png/main/100105101_%D8%AF%D8%B3%D8%AA%D9%85%D8%A7%D9%84%20%D9%85%D8%B1%D8%B7%D9%88%D8%A8%20%D8%A8%D9%87%D8%AF%D8%A7%D8%B4%D8%AA%DB%8C%20%D8%AF%D8%A7%D9%81%DB%8C%20%D9%85%D8%AF%D9%84%20%D9%84%DB%8C%D8%AF%DB%8C%D8%B2%20%26%238211%3B%20%D8%A8%D8%B3%D8%AA%D9%87%2020%20%D8%B9%D8%AF%D8%AF%DB%8C.png,دستمال مرطوب بهداشتی دافی با فرمولاسیون ملایم برای استفاده روزانه بانوان طراحی شده و احساس تمیزی و طراوت را فراهم می‌کند. بسته‌بندی این محصول برای تأمین عمده و فروش در فروشگاه‌ها و داروخانه‌ها مناسب است.,sb-100105101
154,دافی,Dafi,100103106,6260623336038,دستمال مرطوب پاک کننده آرایش 10Q میوه ای درب دار دافی,زیبایی و آرایش بانوان,1,2909091.0,2909091.0,3680000.0,20.9,https://raw.githubusercontent.com/omidadlii01/images_png/main/100103106-1_%D8%AF%D8%B3%D8%AA%D9%85%D8%A7%D9%84%20%D9%85%D8%B1%D8%B7%D9%88%D8%A8%20%D9%BE%D8%A7%DA%A9%E2%80%8C%DA%A9%D9%86%D9%86%D8%AF%D9%87%20%D8%A2%D8%B1%D8%A7%DB%8C%D8%B4%20%D8%AF%D8%A7%D9%81%DB%8C%20%D9%85%D8%AF%D9%84%20Q10%20%D9%85%D8%B1%D8%B7%D9%88%D8%A8%20%DA%A9%D9%86%D9%86%D8%AF%D9%87%20%D8%B7%D8%B1%D8%AD%20%D8%A2%D9%88%D9%88%DA%A9%D8%A7%D8%AF%D9%88%2050%20%D8%B9%D8%AF%D8%AF%DB%8C.png,دستمال مرطوب پاک‌کننده آرایش دافی به‌راحتی آرایش صورت و چشم را بدون نیاز به شست‌وشو با آب پاک می‌کند و برای انواع پوست مناسب است. بسته‌بندی این محصول برای تأمین عمده و فروش در فروشگاه‌ها و داروخانه‌ها مناسب است.,sb-100103106
155,دافی,Dafi,100103107,6260623336021,دستمال مرطوب پاک کننده آرایش 10Q گلدار درب دار دافی,زیبایی و آرایش بانوان,1,2909091.0,2909091.0,3680000.0,20.9,https://raw.githubusercontent.com/omidadlii01/images_png/main/100103107-1_%D8%AF%D8%B3%D8%AA%D9%85%D8%A7%D9%84%20%D9%85%D8%B1%D8%B7%D9%88%D8%A8%20%D9%BE%D8%A7%DA%A9%E2%80%8C%DA%A9%D9%86%D9%86%D8%AF%D9%87%20%D8%A2%D8%B1%D8%A7%DB%8C%D8%B4%20%D8%AF%D8%A7%D9%81%DB%8C%20%D9%85%D8%AF%D9%84%20Q10%20%D8%B6%D8%AF%20%D8%A2%DA%A9%D9%86%D9%87%2050%20%D8%B9%D8%AF%D8%AF%DB%8C.png,دستمال مرطوب پاک‌کننده آرایش دافی به‌راحتی آرایش صورت و چشم را بدون نیاز به شست‌وشو با آب پاک می‌کند و برای انواع پوست مناسب است. بسته‌بندی این محصول برای تأمین عمده و فروش در فروشگاه‌ها و داروخانه‌ها مناسب است.,sb-100103107
156,دافی,Dafi,100103104,6260623339398,دستمال مرطوب پاک کننده آرایش آنتی اکسیدانت درب دار دافی,زیبایی و آرایش بانوان,1,4332016.0,4332016.0,5480000.0,20.9,https://raw.githubusercontent.com/omidadlii01/images_png/main/100103104_%D8%AF%D8%B3%D8%AA%D9%85%D8%A7%D9%84%20%D9%85%D8%B1%D8%B7%D9%88%D8%A8%20%D9%BE%D8%A7%DA%A9%20%DA%A9%D9%86%D9%86%D8%AF%D9%87%20%D8%A2%D8%B1%D8%A7%DB%8C%D8%B4%20%D8%A2%D9%86%D8%AA%DB%8C%20%D8%A7%DA%A9%D8%B3%DB%8C%D8%AF%D8%A7%D9%86%D8%AA%20%D8%AF%D8%B1%D8%A8%20%D8%AF%D8%A7%D8%B1%20%D8%AF%D8%A7%D9%81%DB%8C%20%D8%A8%D8%B3%D8%AA%D9%87%2055%20%D8%B9%D8%AF%D8%AF%DB%8C.png,دستمال مرطوب پاک‌کننده آرایش دافی به‌راحتی آرایش صورت و چشم را بدون نیاز به شست‌وشو با آب پاک می‌کند و برای انواع پوست مناسب است. بسته‌بندی این محصول برای تأمین عمده و فروش در فروشگاه‌ها و داروخانه‌ها مناسب است.,sb-100103104
157,دافی,Dafi,100103108,6260623332733,دستمال مرطوب پاک کننده آرایش اکسترا دافی,زیبایی و آرایش بانوان,1,1723320.0,1723320.0,2180000.0,20.9,https://raw.githubusercontent.com/omidadlii01/images_png/main/100103108_%D8%AF%D8%B3%D8%AA%D9%85%D8%A7%D9%84%20%D9%85%D8%B1%D8%B7%D9%88%D8%A8%20%D9%BE%D8%A7%DA%A9%20%DA%A9%D9%86%D9%86%D8%AF%D9%87%20%D8%A2%D8%B1%D8%A7%DB%8C%D8%B4%20%D8%AF%D8%A7%D9%81%DB%8C%20%D9%85%D8%AF%D9%84%20%D8%A7%DA%A9%D8%B3%D8%AA%D8%B1%D8%A7%20%26%238211%3B%20%D8%A8%D8%B3%D8%AA%D9%87%2027%20%D8%B9%D8%AF%D8%AF%DB%8C.png,دستمال مرطوب پاک‌کننده آرایش دافی به‌راحتی آرایش صورت و چشم را بدون نیاز به شست‌وشو با آب پاک می‌کند و برای انواع پوست مناسب است. بسته‌بندی این محصول برای تأمین عمده و فروش در فروشگاه‌ها و داروخانه‌ها مناسب است.,sb-100103108
158,دافی,Dafi,100103101,6260623330210,دستمال مرطوب پاک کننده آرایش دافی,زیبایی و آرایش بانوان,1,1328063.0,1328063.0,1680000.0,20.9,https://raw.githubusercontent.com/omidadlii01/images_png/main/100103101_%D8%AF%D8%B3%D8%AA%D9%85%D8%A7%D9%84%20%D9%85%D8%B1%D8%B7%D9%88%D8%A8%20%D9%BE%D8%A7%DA%A9%20%DA%A9%D9%86%D9%86%D8%AF%D9%87%20%D8%A2%D8%B1%D8%A7%DB%8C%D8%B4%20%D8%AF%D8%A7%D9%81%DB%8C.png,دستمال مرطوب پاک‌کننده آرایش دافی به‌راحتی آرایش صورت و چشم را بدون نیاز به شست‌وشو با آب پاک می‌کند و برای انواع پوست مناسب است. بسته‌بندی این محصول برای تأمین عمده و فروش در فروشگاه‌ها و داروخانه‌ها مناسب است.,sb-100103101
159,دافی,Dafi,100103102,6260623338308,دستمال مرطوب پاک کننده آرایش میسالر درب دار دافی,زیبایی و آرایش بانوان,1,4332016.0,4332016.0,5480000.0,20.9,https://raw.githubusercontent.com/omidadlii01/images_png/main/100103102_%D8%AF%D8%B3%D8%AA%D9%85%D8%A7%D9%84%20%D9%85%D8%B1%D8%B7%D9%88%D8%A8%20%D9%BE%D8%A7%DA%A9%20%DA%A9%D9%86%D9%86%D8%AF%D9%87%20%D8%A2%D8%B1%D8%A7%DB%8C%D8%B4%20%D8%AF%D8%B1%D8%A8%20%D8%AF%D8%A7%D8%B1%20%D8%AF%D8%A7%D9%81%DB%8C%20%D9%85%D8%AF%D9%84%20%D9%85%DB%8C%D8%B3%D9%84%D8%A7%D8%B1%20%D8%A8%D8%B3%D8%AA%D9%87%2055%20%D8%B9%D8%AF%D8%AF%DB%8C.png,دستمال مرطوب پاک‌کننده آرایش دافی به‌راحتی آرایش صورت و چشم را بدون نیاز به شست‌وشو با آب پاک می‌کند و برای انواع پوست مناسب است. بسته‌بندی این محصول برای تأمین عمده و فروش در فروشگاه‌ها و داروخانه‌ها مناسب است.,sb-100103102
160,دافی,Dafi,100103105,6260623339404,دستمال مرطوب پاک کننده آرایش هیدرا واتر درب دار دافی,زیبایی و آرایش بانوان,1,4332016.0,4332016.0,5480000.0,20.9,https://raw.githubusercontent.com/omidadlii01/images_png/main/100103105_%D8%AF%D8%B3%D8%AA%D9%85%D8%A7%D9%84%20%D9%85%D8%B1%D8%B7%D9%88%D8%A8%20%D8%AF%D8%B1%D8%A8%20%D8%AF%D8%A7%D8%B1%20%D8%AF%D8%A7%D9%81%DB%8C%20%D9%85%D8%AF%D9%84%20HYDRA%20WATER%20%D8%A8%D8%B3%D8%AA%D9%87%2055%20%D8%B9%D8%AF%D8%AF%DB%8C.png,دستمال مرطوب پاک‌کننده آرایش دافی به‌راحتی آرایش صورت و چشم را بدون نیاز به شست‌وشو با آب پاک می‌کند و برای انواع پوست مناسب است. بسته‌بندی این محصول برای تأمین عمده و فروش در فروشگاه‌ها و داروخانه‌ها مناسب است.,sb-100103105
161,دافی,Dafi,100103109,6260623330203,دستمال مرطوب پاک کننده آرایش کمر باریک دافی,زیبایی و آرایش بانوان,1,3699605.0,3699605.0,4680000.0,20.9,https://raw.githubusercontent.com/omidadlii01/images_png/main/100103109_%D8%AF%D8%B3%D8%AA%D9%85%D8%A7%D9%84%20%D9%85%D8%B1%D8%B7%D9%88%D8%A8%20%D9%BE%D8%A7%DA%A9%20%DA%A9%D9%86%D9%86%D8%AF%D9%87%20%D8%A2%D8%B1%D8%A7%DB%8C%D8%B4%20%D8%AF%D8%A7%D9%81%DB%8C%20%D9%85%D8%AF%D9%84%205in1%20%D8%A8%D8%B3%D8%AA%D9%87%2070%20%D8%A8%D8%B1%DA%AF%DB%8C.png,دستمال مرطوب پاک‌کننده آرایش دافی به‌راحتی آرایش صورت و چشم را بدون نیاز به شست‌وشو با آب پاک می‌کند و برای انواع پوست مناسب است. بسته‌بندی این محصول برای تأمین عمده و فروش در فروشگاه‌ها و داروخانه‌ها مناسب است.,sb-100103109
162,دافی,Dafi,100103103,6260623339411,دستمال مرطوب پاک کننده آرایش گیلاس ژاپنی درب دار دافی,زیبایی و آرایش بانوان,1,4332016.0,4332016.0,5480000.0,20.9,https://raw.githubusercontent.com/omidadlii01/images_png/main/100103103_%D8%AF%D8%B3%D8%AA%D9%85%D8%A7%D9%84%20%D9%85%D8%B1%D8%B7%D9%88%D8%A8%20%D9%BE%D8%A7%DA%A9%20%DA%A9%D9%86%D9%86%D8%AF%D9%87%20%D8%A2%D8%B1%D8%A7%DB%8C%D8%B4%20%D8%AF%D8%B1%D8%A8%20%D8%AF%D8%A7%D8%B1%20%D8%AF%D8%A7%D9%81%DB%8C%20%D9%85%D8%AF%D9%84%20%D8%B4%DA%A9%D9%88%D9%81%D9%87%20%DA%AF%DB%8C%D9%84%D8%A7%D8%B3%20%DA%98%D8%A7%D9%BE%D9%86%DB%8C%20%D8%A8%D8%B3%D8%AA%D9%87%2055%20%D8%B9%D8%AF%D8%AF%DB%8C.png,دستمال مرطوب پاک‌کننده آرایش دافی به‌راحتی آرایش صورت و چشم را بدون نیاز به شست‌وشو با آب پاک می‌کند و برای انواع پوست مناسب است. بسته‌بندی این محصول برای تأمین عمده و فروش در فروشگاه‌ها و داروخانه‌ها مناسب است.,sb-100103103
163,دافی,Dafi,100103115,6260623304815,دستمال مرطوب پاک کننده آنتی باکتریال سبز 12 برگی دافی,مراقبت پوست و بدن,1,853755.0,853755.0,1080000.0,20.9,https://raw.githubusercontent.com/omidadlii01/images_png/main/100103115_%D8%AF%D8%B3%D8%AA%D9%85%D8%A7%D9%84%20%D9%85%D8%B1%D8%B7%D9%88%D8%A8%20%D9%BE%D8%A7%DA%A9%20%DA%A9%D9%86%D9%86%D8%AF%D9%87%20%D8%A2%D9%86%D8%AA%DB%8C%20%D8%A8%D8%A7%DA%A9%D8%AA%D8%B1%DB%8C%D8%A7%D9%84%20%D8%B3%D8%A8%D8%B2%2012%20%D8%A8%D8%B1%DA%AF%DB%8C%20%D8%AF%D8%A7%D9%81%DB%8C.png,دستمال مرطوب دافی برای نظافت و طراوت روزانه بدن مناسب است و بافتی نرم و بدون آسیب به پوست دارد. بسته‌بندی این محصول برای تأمین عمده و فروش در فروشگاه‌ها و داروخانه‌ها مناسب است.,sb-100103115
164,دافی,Dafi,100107101,6260623330197,دستمال مرطوب پاک کننده دست و صورت دافی,مراقبت پوست و بدن,1,695652.0,695652.0,880000.0,20.9,https://raw.githubusercontent.com/omidadlii01/images_png/main/100107101_%D8%AF%D8%B3%D8%AA%D9%85%D8%A7%D9%84%20%D9%85%D8%B1%D8%B7%D9%88%D8%A8%20%D9%BE%D8%A7%DA%A9%20%DA%A9%D9%86%D9%86%D8%AF%D9%87%20%D8%AF%D8%B3%D8%AA%20%D9%88%20%D8%B5%D9%88%D8%B1%D8%AA%20%D8%A2%D9%86%D8%AA%DB%8C%20%D8%A8%D8%A7%DA%A9%D8%AA%D8%B1%DB%8C%D8%A7%D9%84%20%D8%AF%D8%A7%D9%81%DB%8C%20%D8%A8%D8%B3%D8%AA%D9%87%2012%20%D8%B9%D8%AF%D8%AF%DB%8C.png,دستمال مرطوب دافی برای نظافت و طراوت روزانه بدن مناسب است و بافتی نرم و بدون آسیب به پوست دارد. بسته‌بندی این محصول برای تأمین عمده و فروش در فروشگاه‌ها و داروخانه‌ها مناسب است.,sb-100107101
165,دافی,Dafi,100101108,6260623341810,دستمال مرطوب کودک اکسترا درب دار دافی,مراقبت از کودک,1,6308300.0,6308300.0,7980000.0,20.9,https://raw.githubusercontent.com/omidadlii01/images_png/main/100101108-1_%D8%AF%D8%B3%D8%AA%D9%85%D8%A7%D9%84%20%D9%85%D8%B1%D8%B7%D9%88%D8%A8%20%D9%BE%D8%A7%DA%A9%20%DA%A9%D9%86%D9%86%D8%AF%D9%87%20%DA%A9%D9%88%D8%AF%DA%A9%20%D8%AF%D8%A7%D9%81%DB%8C%20%D9%85%D8%AF%D9%84%20%D8%A7%DA%A9%D8%B3%D8%AA%D8%B1%D8%A7%20%D8%A8%D8%B3%D8%AA%D9%87%20%D8%B3%D8%A8%D8%B2%20100%20%D8%B9%D8%AF%D8%AF%DB%8C.png,دستمال مرطوب کودک دافی با بافتی نرم و ملایم، مخصوص مراقبت روزانه از پوست حساس کودک طراحی شده و بدون ایجاد حساسیت، تمیزکنندگی بالایی دارد. بسته‌بندی این محصول برای تأمین عمده و فروش در فروشگاه‌ها و داروخانه‌ها مناسب است.,sb-100101108
166,دافی,Dafi,100101106,6260623335406,دستمال مرطوب کودک حاوی کالندوالی صورتی درب دار دافی,مراقبت از کودک,1,3541502.0,3541502.0,4480000.0,20.9,https://raw.githubusercontent.com/omidadlii01/images_png/main/100101106_%D8%AF%D8%B3%D8%AA%D9%85%D8%A7%D9%84%20%D9%85%D8%B1%D8%B7%D9%88%D8%A8%20%DA%A9%D9%88%D8%AF%DA%A9%20%DA%A9%D8%A7%D9%84%D8%A7%D9%86%D8%AF%D9%88%D9%84%D8%A7%2050%20%D8%A8%D8%B1%DA%AF%20%D8%B5%D9%88%D8%B1%D8%AA%DB%8C%20%D8%AF%D8%A7%D9%81%DB%8C.png,دستمال مرطوب کودک دافی با بافتی نرم و ملایم، مخصوص مراقبت روزانه از پوست حساس کودک طراحی شده و بدون ایجاد حساسیت، تمیزکنندگی بالایی دارد. بسته‌بندی این محصول برای تأمین عمده و فروش در فروشگاه‌ها و داروخانه‌ها مناسب است.,sb-100101106
167,دافی,Dafi,100101103,6260623330500,دستمال مرطوب کودک حساس درب دار دافی,مراقبت از کودک,1,4727273.0,4727273.0,5980000.0,20.9,https://raw.githubusercontent.com/omidadlii01/images_png/main/100101103_%D8%AF%D8%B3%D8%AA%D9%85%D8%A7%D9%84%20%D9%85%D8%B1%D8%B7%D9%88%D8%A8%20%D9%BE%D8%A7%DA%A9%20%DA%A9%D9%86%D9%86%D8%AF%D9%87%20%DA%A9%D9%88%D8%AF%DA%A9%20%D8%AF%D8%A7%D9%81%DB%8C%20%D9%85%D8%AF%D9%84%20%D8%AD%D8%B3%D8%A7%D8%B3-%20%D8%A8%D8%B3%D8%AA%D9%87%2070%20%D8%B9%D8%AF%D8%AF%DB%8C.png,دستمال مرطوب کودک دافی با بافتی نرم و ملایم، مخصوص مراقبت روزانه از پوست حساس کودک طراحی شده و بدون ایجاد حساسیت، تمیزکنندگی بالایی دارد. بسته‌بندی این محصول برای تأمین عمده و فروش در فروشگاه‌ها و داروخانه‌ها مناسب است.,sb-100101103
168,دافی,Dafi,100101102,6260623330227,دستمال مرطوب کودک نرم کننده دافی,مراقبت از کودک,1,1565217.0,1565217.0,1980000.0,20.9,https://raw.githubusercontent.com/omidadlii01/images_png/main/100101102_%D8%AF%D8%B3%D8%AA%D9%85%D8%A7%D9%84%20%D9%85%D8%B1%D8%B7%D9%88%D8%A8%20%D9%BE%D8%A7%DA%A9%20%DA%A9%D9%86%D9%86%D8%AF%D9%87%20%D9%88%20%D9%86%D8%B1%D9%85%20%DA%A9%D9%86%D9%86%D8%AF%D9%87%20%D8%A8%D8%B3%D8%AA%D9%87%E2%80%8C%D8%A7%DB%8C%20%D8%AF%D8%A7%D9%81%DB%8C%20%26%238211%3B%20%D8%A8%D8%B3%D8%AA%D9%87%2020%20%D8%B9%D8%AF%D8%AF%DB%8C.png,دستمال مرطوب کودک دافی با بافتی نرم و ملایم، مخصوص مراقبت روزانه از پوست حساس کودک طراحی شده و بدون ایجاد حساسیت، تمیزکنندگی بالایی دارد. بسته‌بندی این محصول برای تأمین عمده و فروش در فروشگاه‌ها و داروخانه‌ها مناسب است.,sb-100101102
169,دافی,Dafi,100101105,6260623332740,دستمال مرطوب کودک کمر باریک اکسترا دافی,مراقبت از کودک,1,3146245.0,3146245.0,3980000.0,20.9,https://raw.githubusercontent.com/omidadlii01/images_png/main/100101105_%D8%AF%D8%B3%D8%AA%D9%85%D8%A7%D9%84%20%D9%85%D8%B1%D8%B7%D9%88%D8%A8%20%DA%A9%D9%88%D8%AF%DA%A9%20%DA%A9%D9%85%D8%B1%20%D8%A8%D8%A7%D8%B1%DB%8C%DA%A9%20%D8%A7%DA%A9%D8%B3%D8%AA%D8%B1%D8%A7%20%D8%AF%D8%A7%D9%81%DB%8C.png,دستمال مرطوب کودک دافی با بافتی نرم و ملایم، مخصوص مراقبت روزانه از پوست حساس کودک طراحی شده و بدون ایجاد حساسیت، تمیزکنندگی بالایی دارد. بسته‌بندی این محصول برای تأمین عمده و فروش در فروشگاه‌ها و داروخانه‌ها مناسب است.,sb-100101105
170,دافی,Dafi,100191301,6260623304716,محلول آرایش پاک کن صورت شیری مخصوص پوست های خشک دافی,زیبایی و آرایش بانوان,1,5043478.0,5043478.0,6380000.0,20.9,https://raw.githubusercontent.com/omidadlii01/images_png/main/100191301_%D9%85%D8%AD%D9%84%D9%88%D9%84%20%D9%BE%D8%A7%DA%A9%20%DA%A9%D9%86%D9%86%D8%AF%D9%87%20%D8%A2%D8%B1%D8%A7%DB%8C%D8%B4%20%D8%B5%D9%88%D8%B1%D8%AA%20%D8%B4%DB%8C%D8%B1%DB%8C%20%D9%BE%D9%88%D8%B3%D8%AA%20%D8%AE%D8%B4%DA%A9%20%D8%AF%D8%A7%D9%81%DB%8C.png,محلول دافی برای پاکسازی و مراقبت روزانه پوست صورت طراحی شده و آلودگی و باقی‌مانده آرایش را به‌آرامی و بدون آسیب به پوست پاک می‌کند. بسته‌بندی این محصول برای تأمین عمده و فروش در فروشگاه‌ها و داروخانه‌ها مناسب است.,sb-100191301
171,دافی,Dafi,100191101,6260623341063,محلول آرایش پاک کن مخصوص پوست های خشک و نرمال دافی,زیبایی و آرایش بانوان,1,2513834.0,2513834.0,3180000.0,20.9,https://raw.githubusercontent.com/omidadlii01/images_png/main/100191101_%D9%85%DB%8C%D8%B3%D9%84%D8%A7%D8%B1%20%D9%88%D8%A7%D8%AA%D8%B1%20%D8%AF%D8%A7%D9%81%DB%8C%20%D9%85%D9%86%D8%A7%D8%B3%D8%A8%20%D9%BE%D9%88%D8%B3%D8%AA%20%D9%87%D8%A7%DB%8C%20%D8%AE%D8%B4%DA%A9%20%D8%AA%D8%A7%20%D9%86%D8%B1%D9%85%D8%A7%D9%84%20%D8%AD%D8%AC%D9%85%20200%20%D9%85%DB%8C%D9%84.png,محلول دافی برای پاکسازی و مراقبت روزانه پوست صورت طراحی شده و آلودگی و باقی‌مانده آرایش را به‌آرامی و بدون آسیب به پوست پاک می‌کند. بسته‌بندی این محصول برای تأمین عمده و فروش در فروشگاه‌ها و داروخانه‌ها مناسب است.,sb-100191101
172,دافی,Dafi,100191102,6260623341070,محلول آرایش پاک کن مخصوص پوست های چرب دافی,زیبایی و آرایش بانوان,1,2513834.0,2513834.0,3180000.0,20.9,https://raw.githubusercontent.com/omidadlii01/images_png/main/100191102_%D9%85%DB%8C%D8%B3%D9%84%D8%A7%D8%B1%20%D9%88%D8%A7%D8%AA%D8%B1%20%D8%AF%D8%A7%D9%81%DB%8C%20%D9%85%D9%86%D8%A7%D8%B3%D8%A8%20%D9%BE%D9%88%D8%B3%D8%AA%20%D9%87%D8%A7%DB%8C%20%DA%86%D8%B1%D8%A8%20%D9%88%20%D8%A2%DA%A9%D9%86%D9%87%20%D8%AF%D8%A7%D8%B1%20%D8%AD%D8%AC%D9%85%20200%20%D9%85%DB%8C%D9%84.png,محلول دافی برای پاکسازی و مراقبت روزانه پوست صورت طراحی شده و آلودگی و باقی‌مانده آرایش را به‌آرامی و بدون آسیب به پوست پاک می‌کند. بسته‌بندی این محصول برای تأمین عمده و فروش در فروشگاه‌ها و داروخانه‌ها مناسب است.,sb-100191102
173,دافی,Dafi,100191205,6260623304792,محلول تونر صورت مخصوص پوست های چرب دافی,زیبایی و آرایش بانوان,1,2750988.0,2750988.0,3480000.0,20.9,https://raw.githubusercontent.com/omidadlii01/images_png/main/100191205_%D9%85%D8%AD%D9%84%D9%88%D9%84%20%D8%AA%D9%88%D9%86%D8%B1%20%D8%B5%D9%88%D8%B1%D8%AA%20%D9%BE%D9%88%D8%B3%D8%AA%20%DA%86%D8%B1%D8%A8%20%D8%AF%D8%A7%D9%81%DB%8C.png,محلول دافی برای پاکسازی و مراقبت روزانه پوست صورت طراحی شده و آلودگی و باقی‌مانده آرایش را به‌آرامی و بدون آسیب به پوست پاک می‌کند. بسته‌بندی این محصول برای تأمین عمده و فروش در فروشگاه‌ها و داروخانه‌ها مناسب است.,sb-100191205
174,نینو,Nino,110103103,6260623310090,دستمال مرطوب آرایش طرح آبرسان 27 برگی نینو,زیبایی و آرایش بانوان,1,1881423.0,1881423.0,2380000.0,20.9,https://raw.githubusercontent.com/omidadlii01/images_png/main/110103103_%D8%AF%D8%B3%D8%AA%D9%85%D8%A7%D9%84%20%D9%85%D8%B1%D8%B7%D9%88%D8%A8%20%D8%A2%D8%B1%D8%A7%D9%8A%D8%B4%20%D8%B7%D8%B1%D8%AD%20%D8%A2%D8%A8%D8%B1%D8%B3%D8%A7%D9%86%2027%20%D8%A8%D8%B1%DA%AF%D9%8A%20%D9%86%DB%8C%D9%86%D9%88.png,دستمال مرطوب پاک‌کننده آرایش نینو به‌راحتی آرایش صورت و چشم را بدون نیاز به شست‌وشو با آب پاک می‌کند و برای انواع پوست مناسب است. بسته‌بندی این محصول برای تأمین عمده و فروش در فروشگاه‌ها و داروخانه‌ها مناسب است.,sb-110103103
175,نینو,Nino,110103108,6260623340721,دستمال مرطوب آرایش پاک کن درب دار مخصوص پوست خشک و نرمال نینو,زیبایی و آرایش بانوان,1,2988142.0,2988142.0,3780000.0,20.9,https://raw.githubusercontent.com/omidadlii01/images_png/main/110103108_%D8%AF%D8%B3%D8%AA%D9%85%D8%A7%D9%84%20%D9%85%D8%B1%D8%B7%D9%88%D8%A8%20%D8%A2%D8%B1%D8%A7%D9%8A%D8%B4%20%D9%BE%D8%A7%DA%A9%20%DA%A9%D9%86%2050%20%D8%A8%D8%B1%DA%AF%20%D8%AF%D8%B1%D8%A8%20%D8%AF%D8%A7%D8%B1%20%D9%85%D8%AE%D8%B5%D9%88%D8%B5%20%D9%BE%D9%88%D8%B3%D8%AA%20%D8%AE%D8%B4%DA%A9%20%D9%88%20%D9%86%D8%B1%D9%85%D8%A7%D9%84%20%D9%86%DB%8C%D9%86%D9%88.png,دستمال مرطوب پاک‌کننده آرایش نینو به‌راحتی آرایش صورت و چشم را بدون نیاز به شست‌وشو با آب پاک می‌کند و برای انواع پوست مناسب است. بسته‌بندی این محصول برای تأمین عمده و فروش در فروشگاه‌ها و داروخانه‌ها مناسب است.,sb-110103108
176,نینو,Nino,110103109,6260623340707,دستمال مرطوب آرایش پاک کن درب دار مخصوص پوست چرب نینو,زیبایی و آرایش بانوان,1,2988142.0,2988142.0,3780000.0,20.9,https://raw.githubusercontent.com/omidadlii01/images_png/main/110103109_%D8%AF%D8%B3%D8%AA%D9%85%D8%A7%D9%84%20%D9%85%D8%B1%D8%B7%D9%88%D8%A8%20%D8%A2%D8%B1%D8%A7%D9%8A%D8%B4%20%D9%BE%D8%A7%DA%A9%20%DA%A9%D9%86%2050%20%D8%A8%D8%B1%DA%AF%20%D8%AF%D8%B1%D8%A8%20%D8%AF%D8%A7%D8%B1%20%D9%85%D8%AE%D8%B5%D9%88%D8%B5%20%D9%BE%D9%88%D8%B3%D8%AA%20%DA%86%D8%B1%D8%A8%20%D9%86%DB%8C%D9%86%D9%88.png,دستمال مرطوب پاک‌کننده آرایش نینو به‌راحتی آرایش صورت و چشم را بدون نیاز به شست‌وشو با آب پاک می‌کند و برای انواع پوست مناسب است. بسته‌بندی این محصول برای تأمین عمده و فروش در فروشگاه‌ها و داروخانه‌ها مناسب است.,sb-110103109
177,نینو,Nino,110103107,6260623340677,دستمال مرطوب آرایش پاک کن ضد آکنه نینو,زیبایی و آرایش بانوان,1,1881423.0,1881423.0,2380000.0,20.9,https://raw.githubusercontent.com/omidadlii01/images_png/main/110103107_%D8%AF%D8%B3%D8%AA%D9%85%D8%A7%D9%84%20%D9%85%D8%B1%D8%B7%D9%88%D8%A8%20%D8%A2%D8%B1%D8%A7%D9%8A%D8%B4%20%D9%BE%D8%A7%DA%A9%20%DA%A9%D9%86%2027%20%D8%A8%D8%B1%DA%AF%20%D8%B6%D8%AF%20%D8%A2%DA%A9%D9%86%D9%87%20%D9%86%DB%8C%D9%86%D9%88.png,دستمال مرطوب پاک‌کننده آرایش نینو به‌راحتی آرایش صورت و چشم را بدون نیاز به شست‌وشو با آب پاک می‌کند و برای انواع پوست مناسب است. بسته‌بندی این محصول برای تأمین عمده و فروش در فروشگاه‌ها و داروخانه‌ها مناسب است.,sb-110103107
178,نینو,Nino,110103106,6260623340691,دستمال مرطوب آرایش پاک کن ضد پف نینو,زیبایی و آرایش بانوان,1,1881423.0,1881423.0,2380000.0,20.9,https://raw.githubusercontent.com/omidadlii01/images_png/main/110103106_%D8%AF%D8%B3%D8%AA%D9%85%D8%A7%D9%84%20%D9%85%D8%B1%D8%B7%D9%88%D8%A8%20%D8%A2%D8%B1%D8%A7%DB%8C%D8%B4%20%D9%BE%D8%A7%DA%A9%20%DA%A9%D9%86%2027%20%D8%A8%D8%B1%DA%AF%20%D8%B6%D8%AF%20%D9%BE%D9%81%20%D9%86%DB%8C%D9%86%D9%88.png,دستمال مرطوب پاک‌کننده آرایش نینو به‌راحتی آرایش صورت و چشم را بدون نیاز به شست‌وشو با آب پاک می‌کند و برای انواع پوست مناسب است. بسته‌بندی این محصول برای تأمین عمده و فروش در فروشگاه‌ها و داروخانه‌ها مناسب است.,sb-110103106
179,نینو,Nino,110103105,6260623340820,دستمال مرطوب آرایش پاک کن لایه بردار نینو,زیبایی و آرایش بانوان,1,1881423.0,1881423.0,2380000.0,20.9,https://raw.githubusercontent.com/omidadlii01/images_png/main/110103105_%D8%AF%D8%B3%D8%AA%D9%85%D8%A7%D9%84%20%D9%85%D8%B1%D8%B7%D9%88%D8%A8%20%D8%A2%D8%B1%D8%A7%D9%8A%D8%B4%20%D9%BE%D8%A7%DA%A9%20%DA%A9%D9%86%2027%20%D8%A8%D8%B1%DA%AF%20%D9%84%D8%A7%D9%8A%D9%87%20%D8%A8%D8%B1%D8%AF%D8%A7%D8%B1%20%D9%86%DB%8C%D9%86%D9%88.png,دستمال مرطوب پاک‌کننده آرایش نینو به‌راحتی آرایش صورت و چشم را بدون نیاز به شست‌وشو با آب پاک می‌کند و برای انواع پوست مناسب است. بسته‌بندی این محصول برای تأمین عمده و فروش در فروشگاه‌ها و داروخانه‌ها مناسب است.,sb-110103105
180,نینو,Nino,110106101,6260623335895,دستمال مرطوب الک پاک کن قوطی نینو,مراقبت پوست و بدن,1,4094862.0,4094862.0,5180000.0,20.9,https://raw.githubusercontent.com/omidadlii01/images_png/main/110106101_%D8%AF%D8%B3%D8%AA%D9%85%D8%A7%D9%84%20%D9%85%D8%B1%D8%B7%D9%88%D8%A8%20%D9%84%D8%A7%DA%A9%20%D9%BE%D8%A7%DA%A9%20%DA%A9%D9%86%20%D9%82%D9%88%D8%B7%DB%8C%20%D9%86%DB%8C%D9%86%D9%88.png,دستمال مرطوب نینو برای نظافت و طراوت روزانه بدن مناسب است و بافتی نرم و بدون آسیب به پوست دارد. بسته‌بندی این محصول برای تأمین عمده و فروش در فروشگاه‌ها و داروخانه‌ها مناسب است.,sb-110106101
181,نینو,Nino,110102101,6260623335260,دستمال مرطوب دست و صورت بزرگسالان درب دار نینو,مراقبت پوست و بدن,1,4648221.0,4648221.0,5880000.0,20.9,https://raw.githubusercontent.com/omidadlii01/images_png/main/110102101_%D8%AF%D8%B3%D8%AA%D9%85%D8%A7%D9%84%20%D9%85%D8%B1%D8%B7%D9%88%D8%A8%20%D8%AF%D8%B3%D8%AA%20%D9%88%20%D8%B5%D9%88%D8%B1%D8%AA%20%D8%A8%D8%B2%D8%B1%DA%AF%D8%B3%D8%A7%D9%84%D8%A7%D9%86%20%D8%AF%D8%B1%D8%A8%20%D8%AF%D8%A7%D8%B1%20%D9%86%DB%8C%D9%86%D9%88.png,دستمال مرطوب نینو برای نظافت و طراوت روزانه بدن مناسب است و بافتی نرم و بدون آسیب به پوست دارد. بسته‌بندی این محصول برای تأمین عمده و فروش در فروشگاه‌ها و داروخانه‌ها مناسب است.,sb-110102101
182,نینو,Nino,110107102,6260623334874,دستمال مرطوب دست و صورت طرح کودک نینو,مراقبت از کودک,1,695652.0,695652.0,880000.0,20.9,https://raw.githubusercontent.com/omidadlii01/images_png/main/110107102_%D8%AF%D8%B3%D8%AA%D9%85%D8%A7%D9%84%20%D9%85%D8%B1%D8%B7%D9%88%D8%A8%20%D8%AF%D8%B3%D8%AA%20%D9%88%20%D8%B5%D9%88%D8%B1%D8%AA%20%D8%B7%D8%B1%D8%AD%20%DA%A9%D9%88%D8%AF%DA%A9%20%D9%86%DB%8C%D9%86%D9%88.png,دستمال مرطوب کودک نینو با بافتی نرم و ملایم، مخصوص مراقبت روزانه از پوست حساس کودک طراحی شده و بدون ایجاد حساسیت، تمیزکنندگی بالایی دارد. بسته‌بندی این محصول برای تأمین عمده و فروش در فروشگاه‌ها و داروخانه‌ها مناسب است.,sb-110107102
183,نینو,Nino,110101103,6260623310120,دستمال مرطوب نرم کننده کودک نینو,مراقبت از کودک,1,1565217.0,1565217.0,1980000.0,20.9,https://raw.githubusercontent.com/omidadlii01/images_png/main/110101103_%D8%AF%D8%B3%D8%AA%D9%85%D8%A7%D9%84%20%D9%85%D8%B1%D8%B7%D9%88%D8%A8%20%D9%86%D8%B1%D9%85%20%DA%A9%D9%86%D9%86%D8%AF%D9%87%20%DA%A9%D9%88%D8%AF%DA%A9%2020%20%D8%B9%D8%AF%D8%AF%DB%8C%20%D9%86%DB%8C%D9%86%D9%88.png,دستمال مرطوب کودک نینو با بافتی نرم و ملایم، مخصوص مراقبت روزانه از پوست حساس کودک طراحی شده و بدون ایجاد حساسیت، تمیزکنندگی بالایی دارد. بسته‌بندی این محصول برای تأمین عمده و فروش در فروشگاه‌ها و داروخانه‌ها مناسب است.,sb-110101103
184,نینو,Nino,110107103,6260623334881,دستمال مرطوب پاک کننده دست و صورت انیمیشن نینو,مراقبت پوست و بدن,1,695652.0,695652.0,880000.0,20.9,https://raw.githubusercontent.com/omidadlii01/images_png/main/110107103_%D8%AF%D8%B3%D8%AA%D9%85%D8%A7%D9%84%20%D9%85%D8%B1%D8%B7%D9%88%D8%A8%20%D9%BE%D8%A7%DA%A9%20%DA%A9%D9%86%D9%86%D8%AF%D9%87%20%D8%AF%D8%B3%D8%AA%20%D9%88%20%D8%B5%D9%88%D8%B1%D8%AA%20%D8%A7%D9%86%D9%8A%D9%85%D9%8A%D8%B4%D9%86%20%D9%86%DB%8C%D9%86%D9%88.png,دستمال مرطوب نینو برای نظافت و طراوت روزانه بدن مناسب است و بافتی نرم و بدون آسیب به پوست دارد. بسته‌بندی این محصول برای تأمین عمده و فروش در فروشگاه‌ها و داروخانه‌ها مناسب است.,sb-110107103
185,نینو,Nino,110107101,6260623310106,دستمال مرطوب پاک کننده دست و صورت نینو,مراقبت پوست و بدن,1,695652.0,695652.0,880000.0,20.9,https://raw.githubusercontent.com/omidadlii01/images_png/main/110107101_%D8%AF%D8%B3%D8%AA%D9%85%D8%A7%D9%84%20%D9%85%D8%B1%D8%B7%D9%88%D8%A8%20%D9%BE%D8%A7%DA%A9%20%DA%A9%D9%86%D9%86%D8%AF%D9%87%20%D8%AF%D8%B3%D8%AA%20%D9%88%20%D8%B5%D9%88%D8%B1%D8%AA%2010%20%D8%B9%D8%AF%D8%AF%DB%8C%20%D9%86%DB%8C%D9%86%D9%88.png,دستمال مرطوب نینو برای نظافت و طراوت روزانه بدن مناسب است و بافتی نرم و بدون آسیب به پوست دارد. بسته‌بندی این محصول برای تأمین عمده و فروش در فروشگاه‌ها و داروخانه‌ها مناسب است.,sb-110107101
186,نینو,Nino,110101107,6260623334799,دستمال مرطوب کودک حاوی کالندوال صورتی درب دار نینو,مراقبت از کودک,1,3620553.0,3620553.0,4580000.0,20.9,https://raw.githubusercontent.com/omidadlii01/images_png/main/110101107-1_%D8%AF%D8%B3%D8%AA%D9%85%D8%A7%D9%84%20%D9%85%D8%B1%D8%B7%D9%88%D8%A8%20%DA%A9%D9%88%D8%AF%DA%A9%20%D8%AD%D8%A7%D9%88%DB%8C%20%DA%A9%D8%A7%D9%84%D8%A7%D9%86%D8%AF%D9%88%D9%84%D8%A7%2050%20%D8%A8%D8%B1%DA%AF%D9%8A%20%D8%B5%D9%88%D8%B1%D8%AA%DB%8C%20%D9%85%DB%8C%D9%86%DB%8C%D9%88%D9%86%20%D8%AF%D8%B1%D8%A8%20%D8%AF%D8%A7%D8%B1%20%D9%86%DB%8C%D9%86%D9%88.png,دستمال مرطوب کودک نینو با بافتی نرم و ملایم، مخصوص مراقبت روزانه از پوست حساس کودک طراحی شده و بدون ایجاد حساسیت، تمیزکنندگی بالایی دارد. بسته‌بندی این محصول برای تأمین عمده و فروش در فروشگاه‌ها و داروخانه‌ها مناسب است.,sb-110101107
187,نینو,Nino,110101108,6263331110617,دستمال مرطوب کودک حاوی کالندوال میوه ای درب دار نینو,مراقبت از کودک,1,4885375.0,4885375.0,6180000.0,20.9,https://raw.githubusercontent.com/omidadlii01/images_png/main/110101108_%D8%AF%D8%B3%D8%AA%D9%85%D8%A7%D9%84%20%D9%85%D8%B1%D8%B7%D9%88%D8%A8%20%DA%A9%D9%88%D8%AF%DA%A9%20%D8%AD%D8%A7%D9%88%DB%8C%20%DA%A9%D8%A7%D9%84%D8%A7%D9%86%D8%AF%D9%88%D9%84%D8%A7%2070%20%D8%A8%D8%B1%DA%AF%D9%8A%20%D9%85%D9%8A%D9%88%D9%87%20%D8%A7%DB%8C%20%D8%AF%D8%B1%D8%A8%20%D8%AF%D8%A7%D8%B1%20%D9%86%DB%8C%D9%86%D9%88.png,دستمال مرطوب کودک نینو با بافتی نرم و ملایم، مخصوص مراقبت روزانه از پوست حساس کودک طراحی شده و بدون ایجاد حساسیت، تمیزکنندگی بالایی دارد. بسته‌بندی این محصول برای تأمین عمده و فروش در فروشگاه‌ها و داروخانه‌ها مناسب است.,sb-110101108
188,نینو,Nino,110101102,6260623330517,دستمال مرطوب کودک مینیون نینو,مراقبت از کودک,1,4885375.0,4885375.0,6180000.0,20.9,https://raw.githubusercontent.com/omidadlii01/images_png/main/110101102_%D8%AF%D8%B3%D8%AA%D9%85%D8%A7%D9%84%20%D9%85%D8%B1%D8%B7%D9%88%D8%A8%20%DA%A9%D9%88%D8%AF%DA%A9%20%D9%85%DB%8C%D9%86%DB%8C%D9%88%D9%86%2070%20%D8%A8%D8%B1%DA%AF%20%D9%86%DB%8C%D9%86%D9%88.png,دستمال مرطوب کودک نینو با بافتی نرم و ملایم، مخصوص مراقبت روزانه از پوست حساس کودک طراحی شده و بدون ایجاد حساسیت، تمیزکنندگی بالایی دارد. بسته‌بندی این محصول برای تأمین عمده و فروش در فروشگاه‌ها و داروخانه‌ها مناسب است.,sb-110101102
189,نینو,Nino,110101106,6260623334300,دستمال مرطوب کودک مینیون کمر باریک نینو,مراقبت از کودک,1,2276680.0,2276680.0,2880000.0,20.9,https://raw.githubusercontent.com/omidadlii01/images_png/main/110101106_%D8%AF%D8%B3%D8%AA%D9%85%D8%A7%D9%84%20%D9%85%D8%B1%D8%B7%D9%88%D8%A8%20%DA%A9%D9%88%D8%AF%DA%A9%20%D9%85%DB%8C%D9%86%DB%8C%D9%88%D9%86%20%DA%A9%D9%85%D8%B1%20%D8%A8%D8%A7%D8%B1%D9%8A%DA%A9%20%D9%86%DB%8C%D9%86%D9%88.png,دستمال مرطوب کودک نینو با بافتی نرم و ملایم، مخصوص مراقبت روزانه از پوست حساس کودک طراحی شده و بدون ایجاد حساسیت، تمیزکنندگی بالایی دارد. بسته‌بندی این محصول برای تأمین عمده و فروش در فروشگاه‌ها و داروخانه‌ها مناسب است.,sb-110101106
190,نینو,Nino,110101105,6260623331453,دستمال مرطوب کودک کارتونی کمر باریک نینو,مراقبت از کودک,1,3383399.0,3383399.0,4280000.0,20.9,https://raw.githubusercontent.com/omidadlii01/images_png/main/110101105_%D8%AF%D8%B3%D8%AA%D9%85%D8%A7%D9%84%20%D9%85%D8%B1%D8%B7%D9%88%D8%A8%20%DA%A9%D8%A7%D8%B1%D8%AA%D9%88%D9%86%DB%8C%20%DA%A9%D9%88%D8%AF%DA%A9%20%DA%A9%D9%85%D8%B1%20%D8%A8%D8%A7%D8%B1%D9%8A%DA%A9%20%D9%86%DB%8C%D9%86%D9%88.png,دستمال مرطوب کودک نینو با بافتی نرم و ملایم، مخصوص مراقبت روزانه از پوست حساس کودک طراحی شده و بدون ایجاد حساسیت، تمیزکنندگی بالایی دارد. بسته‌بندی این محصول برای تأمین عمده و فروش در فروشگاه‌ها و داروخانه‌ها مناسب است.,sb-110101105
191,نینو,Nino,110101101,6260623310083,دستمال مرطوب کودک کمر باریک نینو,مراقبت از کودک,1,3383399.0,3383399.0,4280000.0,20.9,https://raw.githubusercontent.com/omidadlii01/images_png/main/110101101_%D8%AF%D8%B3%D8%AA%D9%85%D8%A7%D9%84%20%D9%85%D8%B1%D8%B7%D9%88%D8%A8%20%DA%A9%D9%88%D8%AF%DA%A9%20%DA%A9%D9%85%D8%B1%D8%A8%D8%A7%D8%B1%D9%8A%DA%A9%20%D9%81%D8%A7%D9%82%D8%AF%D8%A7%D8%B3%D8%A7%D9%86%D8%B3%20%D9%86%DB%8C%D9%86%D9%88.png,دستمال مرطوب کودک نینو با بافتی نرم و ملایم، مخصوص مراقبت روزانه از پوست حساس کودک طراحی شده و بدون ایجاد حساسیت، تمیزکنندگی بالایی دارد. بسته‌بندی این محصول برای تأمین عمده و فروش در فروشگاه‌ها و داروخانه‌ها مناسب است.,sb-110101101
192,نینو,Nino,110229101,6260623300053,لوسیون بدن کودک نینو,مراقبت از کودک,1,2592885.0,2592885.0,3280000.0,20.9,https://raw.githubusercontent.com/omidadlii01/images_png/main/110229101_%D9%84%D9%88%D8%B3%DB%8C%D9%88%D9%86%20%DA%A9%D9%88%D8%AF%DA%A9%20%D9%86%DB%8C%D9%86%D9%88.png,لوسیون بدن کودک نینو از برند نینو، محصولی باکیفیت در دسته مراقبت پوست و بدن است که برای استفاده روزانه طراحی شده است. بسته‌بندی این محصول برای تأمین عمده و فروش در فروشگاه‌ها و داروخانه‌ها مناسب است.,sb-110229101
193,آمبرال,Umbrella,160152101,6260623342312,استیک زنانه اسموت آمبرال,مراقبت پوست و بدن,1,3383399.0,3383399.0,4280000.0,20.9,https://raw.githubusercontent.com/omidadlii01/images_png/main/160152101_%D8%A7%D8%B3%D8%AA%DB%8C%DA%A9%20%D8%B2%D9%86%D8%A7%D9%86%D9%87%20%D8%A7%D8%B3%D9%85%D9%88%D8%AA%20%D8%A2%D9%85%D8%A8%D8%B1%D9%84%D8%A7.png,استیک ضدتعریق آمبرال با فرمولاسیون مؤثر، بو و رطوبت بدن را در طول روز کنترل می‌کند و احساس خشکی و طراوت را به همراه دارد. بسته‌بندی این محصول برای تأمین عمده و فروش در فروشگاه‌ها و داروخانه‌ها مناسب است.,sb-160152101
194,آمبرال,Umbrella,160152203,6260623301159,استیک زنانه اسنو سفید 90 میل آمبرال,مراقبت پوست و بدن,1,4173913.0,4173913.0,5280000.0,20.9,https://raw.githubusercontent.com/omidadlii01/images_png/main/160152203_%D8%A7%D8%B3%D8%AA%DB%8C%DA%A9%20%D8%B2%D9%86%D8%A7%D9%86%D9%87%20%D8%A7%D8%B3%D9%86%D9%88%20%D8%B3%D9%81%DB%8C%D8%AF%20%DB%B9%DB%B0%20%D9%85%DB%8C%D9%84%20%D8%A2%D9%85%D8%A8%D8%B1%D9%84%D8%A7.png,استیک ضدتعریق آمبرال با فرمولاسیون مؤثر، بو و رطوبت بدن را در طول روز کنترل می‌کند و احساس خشکی و طراوت را به همراه دارد. بسته‌بندی این محصول برای تأمین عمده و فروش در فروشگاه‌ها و داروخانه‌ها مناسب است.,sb-160152203
195,آمبرال,Umbrella,160152204,6260623301142,استیک زنانه اسپا سبز 90 میل آمبرال,مراقبت پوست و بدن,1,4173913.0,4173913.0,5280000.0,20.9,https://raw.githubusercontent.com/omidadlii01/images_png/main/160152204_%D8%A7%D8%B3%D8%AA%DB%8C%DA%A9%20%D8%B2%D9%86%D8%A7%D9%86%D9%87%20%D8%A7%D8%B3%D9%BE%D8%A7%20%D8%B3%D8%A8%D8%B2%20%DB%B9%DB%B0%20%D9%85%DB%8C%D9%84%20%D8%A2%D9%85%D8%A8%D8%B1%D9%84%D8%A7.png,استیک ضدتعریق آمبرال با فرمولاسیون مؤثر، بو و رطوبت بدن را در طول روز کنترل می‌کند و احساس خشکی و طراوت را به همراه دارد. بسته‌بندی این محصول برای تأمین عمده و فروش در فروشگاه‌ها و داروخانه‌ها مناسب است.,sb-160152204
196,آمبرال,Umbrella,160152102,6260623342305,استیک زنانه انرژی آمبرال,مراقبت پوست و بدن,1,3383399.0,3383399.0,4280000.0,20.9,https://raw.githubusercontent.com/omidadlii01/images_png/main/160152102_%D8%A7%D8%B3%D8%AA%DB%8C%DA%A9%20%D8%B2%D9%86%D8%A7%D9%86%D9%87%20%D8%A7%D9%86%D8%B1%DA%98%DB%8C%20%D8%A2%D9%85%D8%A8%D8%B1%D9%84%D8%A7.png,استیک ضدتعریق آمبرال با فرمولاسیون مؤثر، بو و رطوبت بدن را در طول روز کنترل می‌کند و احساس خشکی و طراوت را به همراه دارد. بسته‌بندی این محصول برای تأمین عمده و فروش در فروشگاه‌ها و داروخانه‌ها مناسب است.,sb-160152102
197,آمبرال,Umbrella,160152201,6260623301135,استیک زنانه دریم بنفش 90 میل آمبرال,مراقبت پوست و بدن,1,4173913.0,4173913.0,5280000.0,20.9,https://raw.githubusercontent.com/omidadlii01/images_png/main/160152201_%D8%A7%D8%B3%D8%AA%DB%8C%DA%A9%20%D8%B2%D9%86%D8%A7%D9%86%D9%87%20%D8%AF%D8%B1%DB%8C%D9%85%20%D8%A8%D9%86%D9%81%D8%B4%20%DB%B9%DB%B0%20%D9%85%DB%8C%D9%84%20%D8%A2%D9%85%D8%A8%D8%B1%D9%84%D8%A7.png,استیک ضدتعریق آمبرال با فرمولاسیون مؤثر، بو و رطوبت بدن را در طول روز کنترل می‌کند و احساس خشکی و طراوت را به همراه دارد. بسته‌بندی این محصول برای تأمین عمده و فروش در فروشگاه‌ها و داروخانه‌ها مناسب است.,sb-160152201
198,آمبرال,Umbrella,160152103,6260623342299,استیک زنانه سافت آمبرال,مراقبت پوست و بدن,1,3383399.0,3383399.0,4280000.0,20.9,https://raw.githubusercontent.com/omidadlii01/images_png/main/160152103_%D8%A7%D8%B3%D8%AA%D9%8A%DA%A9%20%D8%B2%D9%86%D8%A7%D9%86%D9%87%20%D8%B3%D8%A7%D9%81%D8%AA%20%D8%A2%D9%85%D8%A8%D8%B1%D9%84%D8%A7.png,استیک ضدتعریق آمبرال با فرمولاسیون مؤثر، بو و رطوبت بدن را در طول روز کنترل می‌کند و احساس خشکی و طراوت را به همراه دارد. بسته‌بندی این محصول برای تأمین عمده و فروش در فروشگاه‌ها و داروخانه‌ها مناسب است.,sb-160152103
199,آمبرال,Umbrella,160152202,6260623301166,استیک زنانه کیس میس سرخ آبی 90 میل آمبرال,مراقبت پوست و بدن,1,4173913.0,4173913.0,5280000.0,20.9,https://raw.githubusercontent.com/omidadlii01/images_png/main/160152202_%D8%A7%D8%B3%D8%AA%DB%8C%DA%A9%20%D8%B2%D9%86%D8%A7%D9%86%D9%87%20%DA%A9%DB%8C%D8%B3%20%D9%85%DB%8C%D8%B3%20%D8%B3%D8%B1%D8%AE%20%D8%A2%D8%A8%DB%8C%20%DB%B9%DB%B0%20%D9%85%DB%8C%D9%84%20%D8%A2%D9%85%D8%A8%D8%B1%D9%84%D8%A7.png,استیک ضدتعریق آمبرال با فرمولاسیون مؤثر، بو و رطوبت بدن را در طول روز کنترل می‌کند و احساس خشکی و طراوت را به همراه دارد. بسته‌بندی این محصول برای تأمین عمده و فروش در فروشگاه‌ها و داروخانه‌ها مناسب است.,sb-160152202
200,آمبرال,Umbrella,180151101,6260623305423,استیک صابونی ضد تعریق آبی اتو,مراقبت پوست و بدن,1,7019763.0,7019763.0,0,,https://raw.githubusercontent.com/omidadlii01/images_png/main/180151101_%D8%A7%D8%B3%D8%AA%DB%8C%DA%A9%20%D8%AF%D8%A6%D9%88%D8%AF%D9%88%D8%B1%D8%A7%D9%86%D8%AA%20%D9%BE%D9%88%D8%AF%D8%B1%DB%8C%20%D8%A7%D8%AA%D9%88%20%D9%85%D8%AF%D9%84%20OTTO%20Powder%20%D8%AD%D8%AC%D9%85%2040%20%D9%85%DB%8C%D9%84%DB%8C%20%D9%84%DB%8C%D8%AA%D8%B1.png,استیک ضدتعریق اتو با فرمولاسیون مؤثر، بو و رطوبت بدن را در طول روز کنترل می‌کند و احساس خشکی و طراوت را به همراه دارد. بسته‌بندی این محصول برای تأمین عمده و فروش در فروشگاه‌ها و داروخانه‌ها مناسب است.,sb-180151101
201,آمبرال,Umbrella,160152302,6260623342336,استیک مردانه اسمارت آمبرال,مراقبت پوست و بدن,1,3383399.0,3383399.0,4280000.0,20.9,https://raw.githubusercontent.com/omidadlii01/images_png/main/160152302_%D8%A7%D8%B3%D8%AA%D9%8A%DA%A9%20%D9%85%D8%B1%D8%AF%D8%A7%D9%86%D9%87%20%D8%A7%D8%B3%D9%85%D8%A7%D8%B1%D8%AA%20%D8%A2%D9%85%D8%A8%D8%B1%D9%84%D8%A7.png,استیک ضدتعریق آمبرال با فرمولاسیون مؤثر، بو و رطوبت بدن را در طول روز کنترل می‌کند و احساس خشکی و طراوت را به همراه دارد. بسته‌بندی این محصول برای تأمین عمده و فروش در فروشگاه‌ها و داروخانه‌ها مناسب است.,sb-160152302
202,آمبرال,Umbrella,160152301,6260623342329,استیک مردانه توتال آمبرال,مراقبت پوست و بدن,1,3383399.0,3383399.0,4280000.0,20.9,https://raw.githubusercontent.com/omidadlii01/images_png/main/160152301_%D8%A7%D8%B3%D8%AA%D9%8A%DA%A9%20%D9%85%D8%B1%D8%AF%D8%A7%D9%86%D9%87%20%D8%AA%D9%88%D8%AA%D8%A7%D9%84%20%D8%A2%D9%85%D8%A8%D8%B1%D9%84%D8%A7.png,استیک ضدتعریق آمبرال با فرمولاسیون مؤثر، بو و رطوبت بدن را در طول روز کنترل می‌کند و احساس خشکی و طراوت را به همراه دارد. بسته‌بندی این محصول برای تأمین عمده و فروش در فروشگاه‌ها و داروخانه‌ها مناسب است.,sb-160152301
203,آمبرال,Umbrella,160152401,6260623301111,استیک مردانه جنتل سبز 90 میل آمبرال,مراقبت پوست و بدن,1,4173913.0,4173913.0,5280000.0,20.9,https://raw.githubusercontent.com/omidadlii01/images_png/main/160152401_%D8%A7%D8%B3%D8%AA%DB%8C%DA%A9%20%D9%85%D8%B1%D8%AF%D8%A7%D9%86%D9%87%20%D8%AC%D9%86%D8%AA%D9%84%20%D8%B3%D8%A8%D8%B2%20%DB%B9%DB%B0%20%D9%85%DB%8C%D9%84%20%D8%A2%D9%85%D8%A8%D8%B1%D9%84%D8%A7.png,استیک ضدتعریق آمبرال با فرمولاسیون مؤثر، بو و رطوبت بدن را در طول روز کنترل می‌کند و احساس خشکی و طراوت را به همراه دارد. بسته‌بندی این محصول برای تأمین عمده و فروش در فروشگاه‌ها و داروخانه‌ها مناسب است.,sb-160152401
204,آمبرال,Umbrella,160152303,6260623342343,استیک مردانه هیرو آمبرال,مراقبت پوست و بدن,1,3383399.0,3383399.0,4280000.0,20.9,https://raw.githubusercontent.com/omidadlii01/images_png/main/160152303_%D8%A7%D8%B3%D8%AA%D9%8A%DA%A9%20%D9%85%D8%B1%D8%AF%D8%A7%D9%86%D9%87%20%D9%87%DB%8C%D8%B1%D9%88%20%D8%A2%D9%85%D8%A8%D8%B1%D9%84%D8%A7.png,استیک ضدتعریق آمبرال با فرمولاسیون مؤثر، بو و رطوبت بدن را در طول روز کنترل می‌کند و احساس خشکی و طراوت را به همراه دارد. بسته‌بندی این محصول برای تأمین عمده و فروش در فروشگاه‌ها و داروخانه‌ها مناسب است.,sb-160152303
205,آمبرال,Umbrella,160152402,6260623301128,استیک مردانه واید سورمه ای 90 میل آمبرال,مراقبت پوست و بدن,1,4173913.0,4173913.0,5280000.0,20.9,https://raw.githubusercontent.com/omidadlii01/images_png/main/160152402_%D8%A7%D8%B3%D8%AA%DB%8C%DA%A9%20%D9%85%D8%B1%D8%AF%D8%A7%D9%86%D9%87%20%D9%88%D8%A7%DB%8C%D8%AF%20%D8%B3%D9%88%D8%B1%D9%85%D9%87%20%D8%A7%DB%8C%20%DB%B9%DB%B0%20%D9%85%DB%8C%D9%84%20%D8%A2%D9%85%D8%A8%D8%B1%D9%84%D8%A7.png,استیک ضدتعریق آمبرال با فرمولاسیون مؤثر، بو و رطوبت بدن را در طول روز کنترل می‌کند و احساس خشکی و طراوت را به همراه دارد. بسته‌بندی این محصول برای تأمین عمده و فروش در فروشگاه‌ها و داروخانه‌ها مناسب است.,sb-160152402
206,آمبرال,Umbrella,160152501,6260623305287,دئودورانت کرمی سنستیو آمبرال,مراقبت پوست و بدن,1,3383399.0,3383399.0,4280000.0,20.9,https://raw.githubusercontent.com/omidadlii01/images_png/main/160152501_%D8%A7%D8%B3%D8%AA%DB%8C%DA%A9%20%D8%AF%D8%A6%D9%88%D8%AF%D9%88%D8%B1%D8%A7%D9%86%D8%AA%20%D8%A2%D9%85%D8%A8%D8%B1%D9%84%D8%A7%20%D9%85%D8%AF%D9%84%20sensitive%20%D9%81%D8%A7%D9%82%D8%AF%20%D8%A2%D9%84%D9%85%DB%8C%D9%86%DB%8C%D9%88%D9%85%20%D8%AD%D8%AC%D9%85%2075%20%D9%85%DB%8C%D9%84%DB%8C%20%D9%84%DB%8C%D8%AA%D8%B1.png,استیک ضدتعریق آمبرال با فرمولاسیون مؤثر، بو و رطوبت بدن را در طول روز کنترل می‌کند و احساس خشکی و طراوت را به همراه دارد. بسته‌بندی این محصول برای تأمین عمده و فروش در فروشگاه‌ها و داروخانه‌ها مناسب است.,sb-160152501
207,آمبرال,Umbrella,160111102,6260623300664,دستمال مرطوب خوشبو کننده بدن اسپرت آمبرال,مراقبت پوست و بدن,1,2197628.0,2197628.0,2780000.0,20.9,https://raw.githubusercontent.com/omidadlii01/images_png/main/160111102_%D8%AF%D8%B3%D8%AA%D9%85%D8%A7%D9%84%20%D9%85%D8%B1%D8%B7%D9%88%D8%A8%20%D8%A8%D8%AF%D9%86%20%D8%A2%D9%85%D8%A8%D8%B1%D9%84%D8%A7%20%D9%85%D8%AF%D9%84%20Sport.png,دستمال مرطوب آمبرال برای نظافت و طراوت روزانه بدن مناسب است و بافتی نرم و بدون آسیب به پوست دارد. بسته‌بندی این محصول برای تأمین عمده و فروش در فروشگاه‌ها و داروخانه‌ها مناسب است.,sb-160111102
208,هیر واتر,—,250256201,6260623342930,روغن مو 70 میل هیر واتر,مراقبت مو,1,3699605.0,3699605.0,4680000.0,20.9,https://raw.githubusercontent.com/omidadlii01/images_png/main/250256201_%D8%B1%D9%88%D8%BA%D9%86%20%D8%A2%D8%B1%DA%AF%D8%A7%D9%86%20%D9%85%D9%88%20%D9%85%D8%AF%D9%84%20%D9%BE%D9%85%D9%BE%DB%8C%20%D9%87%DB%8C%D8%B1%D9%88%D8%A7%D8%AA%D8%B1%20%D8%AD%D8%AC%D9%85%2070%20%D9%85%DB%8C%D9%84%DB%8C%20%D9%84%DB%8C%D8%AA%D8%B1.png,روغن مو 70 میل هیر واتر از برند هیر واتر، محصولی باکیفیت در دسته مراقبت مو است که برای استفاده روزانه طراحی شده است. بسته‌بندی این محصول برای تأمین عمده و فروش در فروشگاه‌ها و داروخانه‌ها مناسب است.,sb-250256201
209,هیر واتر,—,250196105,6260623339855,شامپو زنانه بدون سولفات برای موهای رنگ شده هیر واتر,مراقبت مو,1,5517787.0,5517787.0,6980000.0,20.9,https://raw.githubusercontent.com/omidadlii01/images_png/main/250196105_%D8%B4%D8%A7%D9%85%D9%BE%D9%88%20%D8%A8%D8%AF%D9%88%D9%86%20%D8%B3%D9%88%D9%84%D9%81%D8%A7%D8%AA%20%D9%87%DB%8C%D8%B1%20%D9%88%D8%A7%D8%AA%D8%B1%20%D9%85%D8%AE%D8%B5%D9%88%D8%B5%20%D9%85%D9%88%D9%87%D8%A7%DB%8C%20%D8%B1%D9%86%DA%AF%20%D8%B4%D8%AF%D9%87.png,شامپو هیر واتر با فرمولی ملایم، موها را به‌آرامی تمیز کرده و به آن‌ها نرمی و درخشندگی می‌بخشد. بسته‌بندی این محصول برای تأمین عمده و فروش در فروشگاه‌ها و داروخانه‌ها مناسب است.,sb-250196105
210,هیر واتر,—,250196104,6260623341384,شامپو زنانه بدون سولفات توتال 5 در 1 هیر واتر,مراقبت مو,1,5517787.0,5517787.0,6980000.0,20.9,https://raw.githubusercontent.com/omidadlii01/images_png/main/250196104_%D8%B4%D8%A7%D9%85%D9%BE%D9%88%20%D8%A8%D8%AF%D9%88%D9%86%20%D8%B3%D9%88%D9%84%D9%81%D8%A7%D8%AA%20%D9%87%DB%8C%D8%B1%20%D9%88%D8%A7%D8%AA%D8%B1%205%20%D8%AF%D8%B1%201%20%DA%A9%D8%A7%D9%85%D9%84.png,شامپو هیر واتر با فرمولی ملایم، موها را به‌آرامی تمیز کرده و به آن‌ها نرمی و درخشندگی می‌بخشد. بسته‌بندی این محصول برای تأمین عمده و فروش در فروشگاه‌ها و داروخانه‌ها مناسب است.,sb-250196104
211,هیر واتر,—,250196101,6260623341698,شامپو زنانه بدون سولفات مخصوص موهای چرب هیر واتر,مراقبت مو,1,5517787.0,5517787.0,6980000.0,20.9,https://raw.githubusercontent.com/omidadlii01/images_png/main/250196101_%D8%B4%D8%A7%D9%85%D9%BE%D9%88%20%D8%A8%D8%AF%D9%88%D9%86%20%D8%B3%D9%88%D9%84%D9%81%D8%A7%D8%AA%20%D9%87%DB%8C%D8%B1%20%D9%88%D8%A7%D8%AA%D8%B1%20%D9%85%D9%86%D8%A7%D8%B3%D8%A8%20%D9%85%D9%88%D9%87%D8%A7%DB%8C%20%DA%86%D8%B1%D8%A8.png,شامپو هیر واتر با فرمولی ملایم، موها را به‌آرامی تمیز کرده و به آن‌ها نرمی و درخشندگی می‌بخشد. بسته‌بندی این محصول برای تأمین عمده و فروش در فروشگاه‌ها و داروخانه‌ها مناسب است.,sb-250196101
212,هیر واتر,—,250196103,6260623341360,شامپو زنانه بدون سولفات کراتینه هیر واتر,مراقبت مو,1,5517787.0,5517787.0,6980000.0,20.9,https://raw.githubusercontent.com/omidadlii01/images_png/main/250196103_%D8%B4%D8%A7%D9%85%D9%BE%D9%88%20%D8%A8%D8%AF%D9%88%D9%86%20%D8%B3%D9%88%D9%84%D9%81%D8%A7%D8%AA%20%D9%87%DB%8C%D8%B1%20%D9%88%D8%A7%D8%AA%D8%B1%20%D9%85%D8%AE%D8%B5%D9%88%D8%B5%20%D9%85%D9%88%D9%87%D8%A7%DB%8C%20%D8%A2%D8%B3%DB%8C%D8%A8%20%D8%AF%DB%8C%D8%AF%D9%87.png,شامپو هیر واتر با فرمولی ملایم، موها را به‌آرامی تمیز کرده و به آن‌ها نرمی و درخشندگی می‌بخشد. بسته‌بندی این محصول برای تأمین عمده و فروش در فروشگاه‌ها و داروخانه‌ها مناسب است.,sb-250196103
213,هیر واتر,—,250196102,6260623341377,شامپو زنانه ضد ریزش تقویتی هیر واتر,مراقبت مو,1,5517787.0,5517787.0,6980000.0,20.9,https://raw.githubusercontent.com/omidadlii01/images_png/main/250196102_%D8%B4%D8%A7%D9%85%D9%BE%D9%88%20%D8%A8%D8%AF%D9%88%D9%86%20%D8%B3%D9%88%D9%84%D9%81%D8%A7%D8%AA%20%D9%87%DB%8C%D8%B1%20%D9%88%D8%A7%D8%AA%D8%B1%20%D8%B6%D8%AF%20%D8%B1%DB%8C%D8%B2%D8%B4.png,شامپو هیر واتر با فرمولی ملایم، موها را به‌آرامی تمیز کرده و به آن‌ها نرمی و درخشندگی می‌بخشد. بسته‌بندی این محصول برای تأمین عمده و فروش در فروشگاه‌ها و داروخانه‌ها مناسب است.,sb-250196102
214,هیر واتر,—,250221101,6260623341681,ماسک مو بیوتین هیر واتر,مراقبت مو,1,4964427.0,4964427.0,6280000.0,20.9,https://raw.githubusercontent.com/omidadlii01/images_png/main/250221101_%D9%85%D8%A7%D8%B3%DA%A9%20%D9%85%D9%88%20%D9%87%DB%8C%D8%B1%20%D9%88%D8%A7%D8%AA%D8%B1%20%D8%AD%D8%A7%D9%88%DB%8C%20%D8%A8%DB%8C%D9%88%D8%AA%DB%8C%D9%86%20%D9%88%20%D8%B2%DB%8C%D9%86%DA%A9.png,ماسک مو بیوتین هیر واتر از برند هیر واتر، محصولی باکیفیت در دسته مراقبت مو است که برای استفاده روزانه طراحی شده است. بسته‌بندی این محصول برای تأمین عمده و فروش در فروشگاه‌ها و داروخانه‌ها مناسب است.,sb-250221101
215,هیر واتر,—,250221103,6260623300275,ماسک مو عصاره عسل هیر واتر,مراقبت مو,1,4964427.0,4964427.0,6280000.0,20.9,https://raw.githubusercontent.com/omidadlii01/images_png/main/250221103_%D9%85%D8%A7%D8%B3%DA%A9%20%D9%85%D9%88%20%D8%B9%D8%B5%D8%A7%D8%B1%D9%87%20%D8%B9%D8%B3%D9%84%20%D9%87%DB%8C%D8%B1%20%D9%88%D8%A7%D8%AA%D8%B1.png,ماسک مو عصاره عسل هیر واتر از برند هیر واتر، محصولی باکیفیت در دسته مراقبت مو است که برای استفاده روزانه طراحی شده است. بسته‌بندی این محصول برای تأمین عمده و فروش در فروشگاه‌ها و داروخانه‌ها مناسب است.,sb-250221103
216,هیر واتر,—,250221102,6260623341674,ماسک مو کراتین هیر واتر,مراقبت مو,1,4964427.0,4964427.0,6280000.0,20.9,https://raw.githubusercontent.com/omidadlii01/images_png/main/250221102_%D9%85%D8%A7%D8%B3%DA%A9%20%D9%85%D9%88%20%D9%87%DB%8C%D8%B1%20%D9%88%D8%A7%D8%AA%D8%B1%20%D8%AD%D8%A7%D9%88%DB%8C%20%DA%A9%D8%B1%D8%A7%D8%AA%DB%8C%D9%86.png,ماسک مو کراتین هیر واتر از برند هیر واتر، محصولی باکیفیت در دسته مراقبت مو است که برای استفاده روزانه طراحی شده است. بسته‌بندی این محصول برای تأمین عمده و فروش در فروشگاه‌ها و داروخانه‌ها مناسب است.,sb-250221102
217,هیر واتر,—,250138201,6260623300695,کرم آبرسان مو بیوتن 100 میل هیر واتر,مراقبت مو,1,2513834.0,2513834.0,3180000.0,20.9,https://raw.githubusercontent.com/omidadlii01/images_png/main/250138201_%DA%A9%D8%B1%D9%85%20%D8%A2%D8%A8%D8%B1%D8%B3%D8%A7%D9%86%20%D9%85%D9%88%20100%20%D9%85%DB%8C%D9%84%20%D8%A8%DB%8C%D9%88%D8%AA%DB%8C%D9%86%20%D9%87%DB%8C%D8%B1%20%D9%88%D8%A7%D8%AA%D8%B1.png,کرم هیر واتر با بافتی سبک و سریع‌جذب، پوست را مرطوب و نرم نگه می‌دارد و برای استفاده روزانه مناسب است. بسته‌بندی این محصول برای تأمین عمده و فروش در فروشگاه‌ها و داروخانه‌ها مناسب است.,sb-250138201
218,هیر واتر,—,250138101,6260623341568,کرم آبرسان مو بیوتن هیر واتر,مراقبت مو,1,5122530.0,5122530.0,6480000.0,20.9,https://raw.githubusercontent.com/omidadlii01/images_png/main/250138101_%DA%A9%D8%B1%D9%85%20%D8%A2%D8%A8%D8%B1%D8%B3%D8%A7%D9%86%20%D9%85%D9%88%20%D9%87%DB%8C%D8%B1%20%D9%88%D8%A7%D8%AA%D8%B1%20%D8%AD%D8%A7%D9%88%DB%8C%20%D8%A8%DB%8C%D9%88%D8%AA%DB%8C%D9%86%20%D9%88%20%D8%B2%DB%8C%D9%86%DA%A9%20%D8%AD%D8%AC%D9%85%20400%20%D9%85%DB%8C%D9%84%DB%8C%20%D9%84%DB%8C%D8%AA%D8%B1.png,کرم هیر واتر با بافتی سبک و سریع‌جذب، پوست را مرطوب و نرم نگه می‌دارد و برای استفاده روزانه مناسب است. بسته‌بندی این محصول برای تأمین عمده و فروش در فروشگاه‌ها و داروخانه‌ها مناسب است.,sb-250138101
219,هیر واتر,—,250138202,6260623300701,کرم آبرسان مو کالژن 100 میل هیر واتر,مراقبت مو,1,2513834.0,2513834.0,3180000.0,20.9,https://raw.githubusercontent.com/omidadlii01/images_png/main/250138202_%DA%A9%D8%B1%D9%85%20%D8%A2%D8%A8%D8%B1%D8%B3%D8%A7%D9%86%20%D9%85%D9%88%20100%20%D9%85%DB%8C%D9%84%20%DA%A9%D9%84%D8%A7%DA%98%D9%86%20%D9%87%DB%8C%D8%B1%20%D9%88%D8%A7%D8%AA%D8%B1.png,کرم هیر واتر با بافتی سبک و سریع‌جذب، پوست را مرطوب و نرم نگه می‌دارد و برای استفاده روزانه مناسب است. بسته‌بندی این محصول برای تأمین عمده و فروش در فروشگاه‌ها و داروخانه‌ها مناسب است.,sb-250138202
220,هیر واتر,—,250138102,6260623341551,کرم آبرسان مو کالژن هیر واتر,مراقبت مو,1,5122530.0,5122530.0,6480000.0,20.9,https://raw.githubusercontent.com/omidadlii01/images_png/main/250138102_%DA%A9%D8%B1%D9%85%20%D8%A2%D8%A8%D8%B1%D8%B3%D8%A7%D9%86%20%D9%85%D9%88%20%D9%87%DB%8C%D8%B1%20%D9%88%D8%A7%D8%AA%D8%B1%20%D8%AD%D8%A7%D9%88%DB%8C%20%DA%A9%D9%84%D8%A7%DA%98%D9%86%20%D9%88%20%DA%A9%D8%B1%D8%A7%D8%AA%DB%8C%D9%86%20%D8%AD%D8%AC%D9%85%20400%20%D9%85%DB%8C%D9%84%DB%8C%20%D9%84%DB%8C%D8%AA%D8%B1.png,کرم هیر واتر با بافتی سبک و سریع‌جذب، پوست را مرطوب و نرم نگه می‌دارد و برای استفاده روزانه مناسب است. بسته‌بندی این محصول برای تأمین عمده و فروش در فروشگاه‌ها و داروخانه‌ها مناسب است.,sb-250138102
221,پیکسل,Pixel,350132403,6260623300817,کرم ضد آفتاب دور چشم بی رنگ پیکسل,مراقبت پوست و بدن,1,7810277.0,7810277.0,9880000.0,20.9,https://raw.githubusercontent.com/omidadlii01/images_png/main/350132403_%DA%A9%D8%B1%D9%85%20%D8%B6%D8%AF%20%D8%A2%D9%81%D8%AA%D8%A7%D8%A8%20%D8%AF%D9%88%D8%B1%20%DA%86%D8%B4%D9%85%20%D9%88%20%D8%B5%D9%88%D8%B1%D8%AA%20%D9%81%DB%8C%D8%B2%DB%8C%DA%A9%D8%A7%D9%84%20%D8%A8%DB%8C%D8%B1%D9%86%DA%AF%20%D9%BE%DB%8C%DA%A9%D8%B3%D9%84.png,کرم پیکسل با بافتی سبک و سریع‌جذب، پوست را مرطوب و نرم نگه می‌دارد و برای استفاده روزانه مناسب است. بسته‌بندی این محصول برای تأمین عمده و فروش در فروشگاه‌ها و داروخانه‌ها مناسب است.,sb-350132403
222,پیکسل,Pixel,350132402,6260623300800,کرم ضد آفتاب دور چشم رنگ بژ روشن پیکسل,مراقبت پوست و بدن,1,7810277.0,7810277.0,9880000.0,20.9,https://raw.githubusercontent.com/omidadlii01/images_png/main/350132402_%DA%A9%D8%B1%D9%85%20%D8%B6%D8%AF%20%D8%A2%D9%81%D8%AA%D8%A7%D8%A8%20%D8%AF%D9%88%D8%B1%20%DA%86%D8%B4%D9%85%20%D9%88%20%D8%B5%D9%88%D8%B1%D8%AA%20%D9%81%DB%8C%D8%B2%DB%8C%DA%A9%D8%A7%D9%84%20%D8%B1%D9%86%DA%AF%20%D8%A8%DA%98%20%D8%B1%D9%88%D8%B4%D9%86%20%D9%BE%DB%8C%DA%A9%D8%B3%D9%84.png,کرم پیکسل با بافتی سبک و سریع‌جذب، پوست را مرطوب و نرم نگه می‌دارد و برای استفاده روزانه مناسب است. بسته‌بندی این محصول برای تأمین عمده و فروش در فروشگاه‌ها و داروخانه‌ها مناسب است.,sb-350132402
223,پیکسل,Pixel,350132401,6260623300824,کرم ضد آفتاب دور چشم رنگ بژ طبیعی پیکسل,مراقبت پوست و بدن,1,7810277.0,7810277.0,9880000.0,20.9,https://raw.githubusercontent.com/omidadlii01/images_png/main/350132401_%DA%A9%D8%B1%D9%85%20%D8%B6%D8%AF%20%D8%A2%D9%81%D8%AA%D8%A7%D8%A8%20%D8%AF%D9%88%D8%B1%20%DA%86%D8%B4%D9%85%20%D9%88%20%D8%B5%D9%88%D8%B1%D8%AA%20%D9%81%DB%8C%D8%B2%DB%8C%DA%A9%D8%A7%D9%84%20%D8%B1%D9%86%DA%AF%20%D8%A8%DA%98%20%D8%B7%D8%A8%DB%8C%D8%B9%DB%8C%20%D9%BE%DB%8C%DA%A9%D8%B3%D9%84.png,کرم پیکسل با بافتی سبک و سریع‌جذب، پوست را مرطوب و نرم نگه می‌دارد و برای استفاده روزانه مناسب است. بسته‌بندی این محصول برای تأمین عمده و فروش در فروشگاه‌ها و داروخانه‌ها مناسب است.,sb-350132401
224,پیکسل,Pixel,350132301,6260623342978,کرم ضد آفتاب رنگ بژ روشن مناسب پوست خشک پیکسل,مراقبت پوست و بدن,1,7810277.0,7810277.0,9880000.0,20.9,https://raw.githubusercontent.com/omidadlii01/images_png/main/350132301_%DA%A9%D8%B1%D9%85%20%D8%B6%D8%AF%D8%A2%D9%81%D8%AA%D8%A7%D8%A8%20%D8%B1%D9%86%DA%AF%20%D8%A8%DA%98%20%D8%B1%D9%88%D8%B4%D9%86%20%D9%85%D9%86%D8%A7%D8%B3%D8%A8%20%D9%BE%D9%88%D8%B3%D8%AA%20%D8%AE%D8%B4%DA%A9%20%D9%88%20%D9%86%D8%B1%D9%85%D8%A7%D9%84%20%D9%BE%DB%8C%DA%A9%D8%B3%D9%84.png,کرم پیکسل با بافتی سبک و سریع‌جذب، پوست را مرطوب و نرم نگه می‌دارد و برای استفاده روزانه مناسب است. بسته‌بندی این محصول برای تأمین عمده و فروش در فروشگاه‌ها و داروخانه‌ها مناسب است.,sb-350132301
225,پیکسل,Pixel,350132201,6260623342947,کرم ضد آفتاب رنگ بژ روشن مناسب پوست چرب پیکسل,مراقبت پوست و بدن,1,7810277.0,7810277.0,9880000.0,20.9,https://raw.githubusercontent.com/omidadlii01/images_png/main/350132201_%DA%A9%D8%B1%D9%85%20%D8%B6%D8%AF%D8%A2%D9%81%D8%AA%D8%A7%D8%A8%20%D8%B1%D9%86%DA%AF%20%D8%A8%DA%98%20%D8%B1%D9%88%D8%B4%D9%86%20%D9%85%D9%86%D8%A7%D8%B3%D8%A8%20%D9%BE%D9%88%D8%B3%D8%AA%20%D8%AC%D9%88%D8%B4%D8%AF%D8%A7%D8%B1%20%D9%88%20%DA%86%D8%B1%D8%A8%20%D9%BE%DB%8C%DA%A9%D8%B3%D9%84.png,کرم پیکسل با بافتی سبک و سریع‌جذب، پوست را مرطوب و نرم نگه می‌دارد و برای استفاده روزانه مناسب است. بسته‌بندی این محصول برای تأمین عمده و فروش در فروشگاه‌ها و داروخانه‌ها مناسب است.,sb-350132201
226,پیکسل,Pixel,350132302,6260623342992,کرم ضد آفتاب رنگ بژ طبیعی مناسب پوست خشک پیکسل,مراقبت پوست و بدن,1,7810277.0,7810277.0,9880000.0,20.9,https://raw.githubusercontent.com/omidadlii01/images_png/main/350132302_%DA%A9%D8%B1%D9%85%20%D8%B6%D8%AF%D8%A2%D9%81%D8%AA%D8%A7%D8%A8%20%D8%B1%D9%86%DA%AF%20%D8%A8%DA%98%20%D8%B7%D8%A8%DB%8C%D8%B9%DB%8C%20%D9%85%D9%86%D8%A7%D8%B3%D8%A8%20%D9%BE%D9%88%D8%B3%D8%AA%20%D8%AE%D8%B4%DA%A9%20%D9%88%20%D9%86%D8%B1%D9%85%D8%A7%D9%84%20%D9%BE%DB%8C%DA%A9%D8%B3%D9%84.png,کرم پیکسل با بافتی سبک و سریع‌جذب، پوست را مرطوب و نرم نگه می‌دارد و برای استفاده روزانه مناسب است. بسته‌بندی این محصول برای تأمین عمده و فروش در فروشگاه‌ها و داروخانه‌ها مناسب است.,sb-350132302
227,پیکسل,Pixel,350132202,6260623342954,کرم ضد آفتاب رنگ بژ طبیعی مناسب پوست چرب پیکسل,مراقبت پوست و بدن,1,7810277.0,7810277.0,9880000.0,20.9,https://raw.githubusercontent.com/omidadlii01/images_png/main/350132202_%DA%A9%D8%B1%D9%85%20%D8%B6%D8%AF%D8%A2%D9%81%D8%AA%D8%A7%D8%A8%20%D8%B1%D9%86%DA%AF%20%D8%A8%DA%98%20%D8%B7%D8%A8%DB%8C%D8%B9%DB%8C%20%D9%85%D9%86%D8%A7%D8%B3%D8%A8%20%D9%BE%D9%88%D8%B3%D8%AA%20%D8%AC%D9%88%D8%B4%D8%AF%D8%A7%D8%B1%20%D9%88%20%DA%86%D8%B1%D8%A8%20%D9%BE%DB%8C%DA%A9%D8%B3%D9%84.png,کرم پیکسل با بافتی سبک و سریع‌جذب، پوست را مرطوب و نرم نگه می‌دارد و برای استفاده روزانه مناسب است. بسته‌بندی این محصول برای تأمین عمده و فروش در فروشگاه‌ها و داروخانه‌ها مناسب است.,sb-350132202
228,پیکسل,Pixel,350132501,6260623304594,کرم ضد آفتاب سنتال پیکسل,مراقبت پوست و بدن,1,7810277.0,7810277.0,9880000.0,20.9,https://raw.githubusercontent.com/omidadlii01/images_png/main/350132501_%DA%A9%D8%B1%D9%85%20%D8%B6%D8%AF%20%D8%A2%D9%81%D8%AA%D8%A7%D8%A8%20%D8%B3%D9%86%D8%AA%D9%84%D8%A7%20%D9%BE%DB%8C%DA%A9%D8%B3%D9%84.png,کرم پیکسل با بافتی سبک و سریع‌جذب، پوست را مرطوب و نرم نگه می‌دارد و برای استفاده روزانه مناسب است. بسته‌بندی این محصول برای تأمین عمده و فروش در فروشگاه‌ها و داروخانه‌ها مناسب است.,sb-350132501
229,پیکسل,Pixel,350132101,6260623341988,کرم ضد آفتاب مناسب پوست جوشدار و چرب پیکسل,مراقبت پوست و بدن,1,7810277.0,7810277.0,9880000.0,20.9,https://raw.githubusercontent.com/omidadlii01/images_png/main/350132101_%DA%A9%D8%B1%D9%85%20%D8%B6%D8%AF%20%D8%A2%D9%81%D8%AA%D8%A7%D8%A8%20%D9%85%D9%86%D8%A7%D8%B3%D8%A8%20%D9%BE%D9%88%D8%B3%D8%AA%20%D8%AC%D9%88%D8%B4%D8%AF%D8%A7%D8%B1%20%D9%88%20%DA%86%D8%B1%D8%A8%20%D9%BE%DB%8C%DA%A9%D8%B3%D9%84.png,کرم پیکسل با بافتی سبک و سریع‌جذب، پوست را مرطوب و نرم نگه می‌دارد و برای استفاده روزانه مناسب است. بسته‌بندی این محصول برای تأمین عمده و فروش در فروشگاه‌ها و داروخانه‌ها مناسب است.,sb-350132101
230,پیکسل,Pixel,350132102,6260623341971,کرم ضد آفتاب مناسب پوست خشک و نرمال پیکسل,مراقبت پوست و بدن,1,7810277.0,7810277.0,9880000.0,20.9,https://raw.githubusercontent.com/omidadlii01/images_png/main/350132102_%DA%A9%D8%B1%D9%85%20%D8%B6%D8%AF%20%D8%A2%D9%81%D8%AA%D8%A7%D8%A8%20%D9%85%D9%86%D8%A7%D8%B3%D8%A8%20%D9%BE%D9%88%D8%B3%D8%AA%20%D8%AE%D8%B4%DA%A9%20%D9%88%20%D9%86%D8%B1%D9%85%D8%A7%D9%84%20%D9%BE%DB%8C%DA%A9%D8%B3%D9%84.png,کرم پیکسل با بافتی سبک و سریع‌جذب، پوست را مرطوب و نرم نگه می‌دارد و برای استفاده روزانه مناسب است. بسته‌بندی این محصول برای تأمین عمده و فروش در فروشگاه‌ها و داروخانه‌ها مناسب است.,sb-350132102
231,میس لیپ,—,380176106,6260623304556,بالم لب رنگی توت فرنگی میس لیپ,زیبایی و آرایش بانوان,1,2134387.0,2134387.0,2700000.0,20.9,https://raw.githubusercontent.com/omidadlii01/images_png/main/380176106_%D8%A8%D8%A7%D9%84%D9%85%20%D9%84%D8%A8%20%D8%B1%D9%86%DA%AF%DB%8C%20%D8%AA%D9%88%D8%AA%20%D9%81%D8%B1%D9%86%DA%AF%DB%8C%20%D9%85%DB%8C%D8%B3%20%D9%84%DB%8C%D9%BE.png,بالم لب رنگی توت فرنگی میس لیپ از برند میس لیپ، محصولی باکیفیت در دسته مراقبت پوست و بدن است که برای استفاده روزانه طراحی شده است. بسته‌بندی این محصول برای تأمین عمده و فروش در فروشگاه‌ها و داروخانه‌ها مناسب است.,sb-380176106
232,میس لیپ,—,380176107,6260623304532,بالم لب رنگی پاستیل خرسی میس لیپ,زیبایی و آرایش بانوان,1,2134387.0,2134387.0,2700000.0,20.9,https://raw.githubusercontent.com/omidadlii01/images_png/main/380176107_%D8%A8%D8%A7%D9%84%D9%85%20%D9%84%D8%A8%20%D8%B1%D9%86%DA%AF%DB%8C%20%D9%BE%D8%A7%D8%B3%D8%AA%DB%8C%D9%84%20%D8%AE%D8%B1%D8%B3%DB%8C%20%D9%85%DB%8C%D8%B3%20%D9%84%DB%8C%D9%BE.png,بالم لب رنگی پاستیل خرسی میس لیپ از برند میس لیپ، محصولی باکیفیت در دسته مراقبت پوست و بدن است که برای استفاده روزانه طراحی شده است. بسته‌بندی این محصول برای تأمین عمده و فروش در فروشگاه‌ها و داروخانه‌ها مناسب است.,sb-380176107
233,میس لیپ,—,380176108,6260623304549,بالم لب رنگی کلاسیک شی باتر میس لیپ,زیبایی و آرایش بانوان,1,2134387.0,2134387.0,2700000.0,20.9,https://raw.githubusercontent.com/omidadlii01/images_png/main/380176108_%D8%A8%D8%A7%D9%84%D9%85%20%D9%84%D8%A8%20%D8%B1%D9%86%DA%AF%DB%8C%20%DA%A9%D9%84%D8%A7%D8%B3%DB%8C%DA%A9%20%D8%B4%DB%8C%20%D8%A8%D8%A7%D8%AA%D8%B1%20%D9%85%DB%8C%D8%B3%20%D9%84%DB%8C%D9%BE.png,بالم لب رنگی کلاسیک شی باتر میس لیپ از برند میس لیپ، محصولی باکیفیت در دسته مراقبت پوست و بدن است که برای استفاده روزانه طراحی شده است. بسته‌بندی این محصول برای تأمین عمده و فروش در فروشگاه‌ها و داروخانه‌ها مناسب است.,sb-380176108
234,میس لیپ,—,380176105,6260623304525,بالم لب رنگی گیلاس میس لیپ,زیبایی و آرایش بانوان,1,2134387.0,2134387.0,2700000.0,20.9,https://raw.githubusercontent.com/omidadlii01/images_png/main/380176105_%D8%A8%D8%A7%D9%84%D9%85%20%D9%84%D8%A8%20%D8%B1%D9%86%DA%AF%DB%8C%20%DA%AF%DB%8C%D9%84%D8%A7%D8%B3%20%D9%85%DB%8C%D8%B3%20%D9%84%DB%8C%D9%BE.png,بالم لب رنگی گیلاس میس لیپ از برند میس لیپ، محصولی باکیفیت در دسته مراقبت پوست و بدن است که برای استفاده روزانه طراحی شده است. بسته‌بندی این محصول برای تأمین عمده و فروش در فروشگاه‌ها و داروخانه‌ها مناسب است.,sb-380176105
235,آیس بال,—,280242103,6260623304938,محلول جوان کننده ماچا آیس بال,زیبایی و آرایش بانوان,1,5675889.0,5675889.0,0,,https://raw.githubusercontent.com/omidadlii01/images_png/main/280242103_%DB%8C%D8%AE%20%D8%B5%D9%88%D8%B1%D8%AA%20%D8%AC%D9%88%D8%A7%D9%86%20%DA%A9%D9%86%D9%86%D8%AF%D9%87%20%D9%85%D8%A7%DA%86%D8%A7%20%D8%A2%DB%8C%D8%B3%20%D8%A8%D8%A7%D9%84.png,محلول جوان کننده ماچا آیس بال از برند آیس بال، محصولی باکیفیت در دسته مراقبت پوست و بدن است که برای استفاده روزانه طراحی شده است. بسته‌بندی این محصول برای تأمین عمده و فروش در فروشگاه‌ها و داروخانه‌ها مناسب است.,sb-280242103
236,آیس بال,—,280242101,6260623304570,ژل آبرسان صورت آیس بال,مراقبت پوست و بدن,1,5675889.0,5675889.0,0,,https://raw.githubusercontent.com/omidadlii01/images_png/main/280242101_%DB%8C%D8%AE%20%D8%B5%D9%88%D8%B1%D8%AA%20%D8%A2%D8%A8%D8%B1%D8%B3%D8%A7%D9%86%20%D8%A2%DB%8C%D8%B3%20%D8%A8%D8%A7%D9%84.png,ژل آیس بال با بافتی سبک، تمیزکنندگی و مراقبت مناسبی برای استفاده روزانه فراهم می‌کند. بسته‌بندی این محصول برای تأمین عمده و فروش در فروشگاه‌ها و داروخانه‌ها مناسب است.,sb-280242101
237,آیس بال,—,280243102,6260623304587,ژل لیفتینگ آیس بال,زیبایی و آرایش بانوان,1,5675889.0,5675889.0,0,,https://raw.githubusercontent.com/omidadlii01/images_png/main/280243102_%DB%8C%D8%AE%20%D8%B5%D9%88%D8%B1%D8%AA%20%DA%A9%D9%84%D8%A7%DA%98%D9%86%20%D9%84%DB%8C%D9%81%D8%AA%DB%8C%D9%86%DA%AF%20%D8%A2%DB%8C%D8%B3%20%D8%A8%D8%A7%D9%84.png,ژل آیس بال با بافتی سبک، تمیزکنندگی و مراقبت مناسبی برای استفاده روزانه فراهم می‌کند. بسته‌بندی این محصول برای تأمین عمده و فروش در فروشگاه‌ها و داروخانه‌ها مناسب است.,sb-280243102
238,کالمین,—,330128101,6260623304457,کالژن بانک امگا 3 - 125 میل کالمین,مراقبت پوست و بدن,1,6703557.0,6703557.0,0,,https://raw.githubusercontent.com/omidadlii01/images_png/main/330128101_%DA%A9%D9%84%D8%A7%DA%98%D9%86%20%D8%A8%D8%A7%D9%86%DA%A9%20%DA%A9%D9%84%D8%A7%D9%85%DB%8C%D9%86%20%D8%AD%D8%AC%D9%85%20125%20%D9%85%DB%8C%D9%84%DB%8C%E2%80%8C%20%D9%84%DB%8C%D8%AA%D8%B1.png,کالژن بانک امگا 3 - 125 میل کالمین از برند کالمین، محصولی باکیفیت در دسته سایر است که برای استفاده روزانه طراحی شده است. بسته‌بندی این محصول برای تأمین عمده و فروش در فروشگاه‌ها و داروخانه‌ها مناسب است.,sb-330128101
